AssetID,Age_at_inspection,Slope_corrected,Material,Height,Length,soil type,hydrologic_ordinal,Clog_score,clog_flooding_score_binary,Precipitation,Depth_ft,Max_Dicharge_closed_conduit_cfs,Flood_Risk_max,Cond_Risk_max,HSG*Prec/(D*H),HSG*Prec/D,HSG*Prec,Overall_Risk_max
9033,22.53992699,0.02,3,15,38.79657657,11,4,0,0,7.939,1.2,9.923221013,2.6,10,0.054568389,2.117066667,31.756,7.04
16431,22.55350217,0.02,3,12,13.12061928,21,5,0,0,10.378,3,5.473006486,2.6,30.8,0.329570318,4.324166667,51.89,16.2368
19275,21.29682866,0.02946417,3,36,95.03066432,21,5,5,0,9.879,0,124.3602014,3.5,15.98,0.014438322,1.372083333,49.395,9.9188
21360,41.89641798,0.02602671,4,8,38.42200183,2,2,0,0,8.927,6,1.815085641,7.085,4.68,0.058085209,2.23175,17.854,5.984
21754,18.60004563,0.02,3,24,163.2439157,6,3,0,0,7.326,1.5,34.75142502,10.6275,17,0.005609704,0.91575,21.978,14.6076
22815,23.94444444,0.04029536,3,18,191.0890181,22,5,0,0,9.97,5,22.90420256,0.78,13.26,0.014492954,2.769444444,49.85,6.6048
22820,23.21058636,0.06670745,3,15,152.9064681,22,5,7,0,10.075,1,18.12278074,8.625,1.44,0.021963318,3.358333333,50.375,3.612
27105,18.17841661,0.02,2,18,51.12949564,18,3,0,0,7.604,5,21.51500197,6.11,3.6,0.024786736,1.267333333,22.812,4.928
27274,28.44261921,0.0110274,3,36,126.9565334,2,2,0,0,7.604,0,76.08006501,17.42,3.6,0.003327473,0.422444444,15.208,8.0264
27780,42.61373488,0.02,3,18,168.3067909,6,3,0,0,9.896,5,16.13625148,3.38,29.5,0.009799565,1.649333333,29.688,16.1216
28768,27.42140087,0.02959187,3,15,40.5516796,2,2,0,0,11.226,5,12.0704614,3.38,23.1,0.036910925,1.4968,22.452,14.0672
28951,39.6131645,0.00988723,3,15,60.68431771,12,3,0,0,7.714,4,6.977100599,3.38,33,0.025423372,1.5428,23.142,18.0992
29937,18.06342688,0.04849111,3,15,140.2318838,2,2,0,0,10.153,4.5,15.45143179,5.33,55.76,0.009653535,1.353733333,20.306,31.1168
41442,20.08133698,0.02,3,30,62.91356038,13,3,0,0,6.88,1,63.0085259,18.98,1.44,0.010935639,0.688,20.64,6.1304
47297,19.1749943,0.0071091,3,48,215.2170686,8,3,7,10,9.152,1,131.5562807,56.55,2.52,0.002657782,0.572,27.456,15.6864
5391,19.85945699,0.02,3,30,221.5109991,2,2,0,0,7.549,1,63.0085259,11.18,7.14,0.002271971,0.503266667,15.098,8.648
11384,17.30515629,0.02,3,18,12.91219227,13,3,10,10,8.416,0.5,16.13625148,59.16,1.44,0.108631179,1.402666667,25.248,14.592
11385,17.30241843,0.02,3,12,137.8671847,11,4,10,10,8.114,0.5,5.473006486,59.16,1.44,0.019617915,2.704666667,32.456,14.592
11539,31.11202373,0.01769693,1,72,67.80836216,18,3,10,10,8.661,1.5,333.8016644,27.84,2.52,0.005321984,0.360875,25.983,9.6672
56,57.28599133,0.01480084,3,15,27.02548948,4,2,10,10,7.975,1.5,8.536519727,32.64,1.12,0.039345572,1.063333333,15.95,8.832
1884,11.71994068,0.02,3,54,20.71437547,4,2,7,0,7.444,3,302.082801,5.8125,1.12,0.013309776,0.275703704,14.888,2.574
4046,58.39470682,0.04280972,3,15,56.06203706,2,2,0,0,9.698,3.8,14.51806913,0,31.28,0.023064925,1.293066667,19.396,13.8
4845,16.72461784,0.02,3,72,78.1488345,6,3,0,0,7.341,26,650.572893,0,43.2,0.003914006,0.305875,22.023,25.92
5547,31.72256445,0.00759566,3,15,223.8121497,11,4,0,0,10.302,5,6.115337419,2.99,36.58,0.012274579,2.7472,41.208,18.9104
6690,24.82877025,0.00520862,3,36,193.2871284,3,2,0,0,11.327,7,52.28723157,1.82,17.94,0.003255663,0.629277778,22.654,10.088
6741,21.27230208,0.02,3,30,166.2422548,15,3,0,0,8.88,4,63.0085259,1.82,1.96,0.005341602,0.888,26.64,1.904
6910,18.51517226,0.02241911,3,15,342.5648849,18,3,0,0,7.724,4.5,10.5062287,2.99,43,0.004509511,1.5448,23.172,22.2656
7192,31.72256445,0.04440649,3,15,209.428826,2,2,0,0,10.404,5,14.78634686,1.04,41.3,0.00662373,1.3872,20.808,18.2192
8961,27.05179101,0.00275746,3,54,72.53028273,9,3,10,0,9.454,5,112.1671312,16.8,48.36,0.00724142,0.525222222,28.362,33.792
9215,23.30093543,0.09060188,3,24,51.87530567,23,5,0,0,7.381,3,73.96499374,1.04,1.12,0.029642396,1.537708333,36.905,1.088
10146,17.87177732,0.04040204,1,42,42.07708126,15,3,0,0,9.625,6.7,119.8172357,21.32,19.32,0.016339061,0.6875,28.875,21.5024
11089,17.12981976,0.02,3,18,32.92854383,13,3,0,0,8.416,2.75,16.13625148,1.04,36.58,0.042597288,1.402666667,25.248,16.3664
11274,17.4501483,0.0123262,3,48,41.37529837,4,2,0,0,10.119,8.9,173.2283147,0,3.36,0.010190259,0.421625,20.238,3.7296
11279,17.4501483,0.02,1,54,121.2174737,4,2,0,0,10.119,9.3,164.7724369,0,32.64,0.00309178,0.374777778,20.238,23.9904
11308,19.16678074,0.02,1,84,73.65626734,10,4,0,0,8.465,12.5,535.2778857,0,72.24,0.005472654,0.403095238,33.86,43.344
11798,19.18332193,0.02,3,15,118.5846727,22,5,0,0,8.011,3.5,9.923221013,2.015,19.11,0.022518368,2.670333333,40.055,10.868
11986,18.32626055,0.02,3,18,33.67486366,8,3,0,0,9.389,5,16.13625148,2.99,1.12,0.046468884,1.564833333,28.167,1.904
12332,32.55487109,0.02,3,48,144.4267171,23,5,0,0,9.002,12,220.6577945,3.12,51.48,0.006492624,0.937708333,45.01,25.584
12581,16.76579968,0.00510533,3,15,103.8131113,17,2,0,0,8.411,5.3,5.013598781,2.99,7,0.010802746,1.121466667,16.822,5.3312
12625,16.76579968,0.0581679,3,15,25.7874209,17,2,0,0,8.411,5.5,16.92307811,2.99,1.12,0.043488904,1.121466667,16.822,1.904
12937,17.87177732,0.02,3,54,37.55568373,15,3,0,0,9.625,14,302.082801,0,4.06,0.014238117,0.534722222,28.875,3.8472
12997,108.7738992,0.01040288,3,54,297.9944106,15,3,0,0,9.625,11.45,217.8651654,0,3.36,0.001794404,0.534722222,28.875,3.4272
13076,17.87177732,0.00965745,3,54,72.48291639,15,3,0,0,9.625,9.35,209.9144019,0,3.36,0.007377217,0.534722222,28.875,3.4272
13545,121.6144193,0.02,1,48,113.7112144,4,2,0,0,8.366,10,120.358797,14.625,39.6,0.003065514,0.348583333,16.732,30.4848
14085,64.62879306,0.02470315,3,36,40.48067495,15,3,0,0,7.441,9,113.8703036,4.29,37.2,0.015318009,0.620083333,22.323,20.8608
14768,18.95322838,0.00914263,1,60,24.06299092,7,3,0,0,9.782,6.7,147.5452097,0,33.48,0.020325819,0.4891,29.346,20.088
14833,16.7602099,0.02,3,15,89.40694231,3,2,10,0,9.311,4,9.923221013,7.44,20.77,0.013885573,1.241466667,18.622,14.8332
15511,57.67738992,0.02,3,12,20.44696907,9,3,10,10,8.905,2,5.473006486,17.5,1.12,0.108879218,2.22625,26.715,5.5552
16229,39.73351586,0.05059633,1,72,118.585681,15,3,0,0,9.645,10,564.4156399,14.625,63,0.0033889,0.401875,28.935,43.65
17552,30.73967602,0.01862877,1,72,53.68042115,15,3,0,0,9.725,7.5,342.4771665,0,47.12,0.007548531,0.405208333,29.175,28.272
17553,33.11898243,0.02,3,36,120.1009146,23,5,0,0,9.643,5.5,102.4588103,1.82,24.96,0.011151502,1.339305556,48.215,12.896
17732,58.05258955,0.02,3,15,68.65710773,14,3,0,0,9.767,2,9.923221013,26,1.12,0.028451533,1.9534,29.301,7.2416
18056,14.35911476,0.02,3,36,33.85442181,3,2,0,0,10.267,7,102.4588103,1.82,17.94,0.016848283,0.570388889,20.534,10.088
18205,39.7143509,0.03394488,3,15,26.51357031,2,2,0,0,9.556,1,12.92780537,1.04,1.76,0.048055894,1.274133333,19.112,1.472
18226,41.94569929,0.02227821,3,15,49.37555199,6,3,10,10,7.439,2,10.4731618,43.5,31.98,0.030132321,1.4878,22.317,36.3936
18347,14.70408396,0.02,1,48,115.0560102,4,2,0,0,9.726,8,120.358797,6.825,5.6,0.003522198,0.40525,19.452,6.396
19195,41.84987452,0.02,4,18,197.6850923,25,5,10,10,9.606,3,13.8310727,5.425,22.14,0.013497899,2.668333333,48.03,14.2912
21345,19.50365047,0.01441034,3,15,48.57624611,23,5,5,0,9.97,4,8.423154762,8.845,3.92,0.068414783,3.323333333,49.85,5.8
22234,21.32420716,0.02,3,24,155.0997589,24,5,0,0,6.819,6.5,34.75142502,2.99,19,0.009159428,1.420625,34.095,10.976
23280,31.47068218,0.02,3,18,235.0579515,2,2,0,0,9.158,7,16.13625148,1.04,39,0.004328956,1.017555556,18.316,17.264
23788,22.39470682,0.02,3,15,99.26801235,8,3,7,10,7.287,2,9.923221013,24,33.15,0.014681467,1.4574,21.861,30.03
23876,3.262605521,0.02138148,3,24,25.72319352,7,3,0,0,6.9,3.5,35.93159548,2.99,23,0.033530051,0.8625,20.7,12.8576
24567,18.9287018,0.09336986,3,24,84.60974221,16,3,0,0,8.352,7.5,75.08634662,2.015,11.27,0.012339005,1.044,25.056,6.8552
24754,22.81359799,0.02,3,24,133.7132319,15,3,0,0,8.269,5,34.75142502,1.04,13.26,0.007730162,1.033625,24.807,6.968
24869,59.93075519,0.00756512,3,24,39.65567616,17,2,0,0,8.352,7,21.37300222,2.015,12.3,0.017551081,0.696,16.704,7.1456
25501,49.36253708,0.0094515,1,54,158.7049548,5,2,0,0,9.685,8.25,113.2713134,3.12,27.72,0.002260192,0.358703704,19.37,16.3464
25692,17.88558065,0.10051298,3,15,89.54067,3,2,0,0,10.185,4,22.2458365,0,36.58,0.015166293,1.358,20.37,21.948
25884,14.56445357,0.02826464,1,60,272.0714415,5,2,0,0,9.726,6,259.4246688,2.6,40.48,0.001191599,0.3242,19.452,20.7776
25895,46.72872462,0.02,1,24,202.6498265,25,5,0,0,9.685,6,18.95532274,1.04,15.64,0.009956625,2.017708333,48.425,8.0936
26002,50.53433721,0.03507915,3,18,105.4757709,2,2,0,0,9.643,4,21.37037714,0,13.26,0.010158204,1.071444444,19.286,6.2712
26013,24.5767739,0.02,3,48,180.9891819,3,2,0,0,9.008,12.5,220.6577945,3.77,29.64,0.002073789,0.375333333,18.016,17.888
26559,26.23043577,0.00738745,3,15,189.5104991,12,3,0,0,10.302,3.5,6.030939108,2.99,41.3,0.010872221,2.0604,30.906,21.0512
26642,17.88558065,0.02907976,3,15,20.63290884,3,2,0,0,10.185,4,11.96556128,0,27.14,0.065817186,1.358,20.37,16.284
26899,41.54882501,0.02,1,72,75.53158532,9,3,0,0,9.471,9.5,354.8579417,0,48.96,0.005224635,0.394625,28.413,29.376
27090,34.73146247,0.00330219,1,60,60.56578932,15,3,0,0,10.334,6.4,88.67283031,9.23,5.6,0.008531219,0.5167,31.002,8.888
27374,21.83070956,0.02,3,60,101.4416215,22,5,5,0,7.851,8.5,400.0792012,13.125,3.36,0.006449522,0.65425,39.255,6.8376
29009,56.51927903,0.0632092,3,30,9.492341465,9,3,0,0,9.454,4,112.0145577,3.77,29.64,0.09959608,0.9454,28.362,17.888
29335,22.0389003,0.00341123,1,36,117.2596943,18,3,0,0,7.553,20,23.08066818,4.94,6.58,0.005367715,0.629416667,22.659,5.9024
29336,32.42904403,0.0088707,3,60,67.63830517,8,3,0,0,9.471,7,266.4464404,32.24,42.16,0.00700121,0.47355,28.413,38.192
29523,56.51927903,0.02,3,30,32.91391799,9,3,0,0,9.454,4,63.0085259,3.77,25.76,0.028723411,0.9454,28.362,14.8256
29583,41.14898471,0.03411952,3,15,29.30852777,4,2,0,0,9.471,3.6,12.96101827,0,31.86,0.043086436,1.2628,18.942,19.116
31039,36.71640429,0.02,3,24,152.7850167,8,3,0,0,9.232,4.1,34.75142502,1.04,33.15,0.007553097,1.154,27.696,14.924
31205,38.94501483,0.03085576,3,15,123.1536555,19,3,0,0,9.334,2,12.32553531,0,24.96,0.0151583,1.8668,28.002,18.3456
31727,59.91147616,0.00676503,3,30,266.0740398,4,2,0,0,7.71,9.5,36.64537623,4.29,43.86,0.001931793,0.514,15.42,24.8784
32510,19.06821812,0.02,3,54,97.21551531,15,3,5,10,10.271,13.7,302.082801,28,4.06,0.005869548,0.570611111,30.813,11.0656
32701,20.9107917,0.02902944,3,48,117.1224865,15,3,0,0,8.313,11.9,265.8420053,0,52.08,0.004436061,0.5195625,24.939,31.248
33030,55.66780744,0.00293192,1,36,204.6437055,4,2,0,0,9.352,3,21.39779065,11.18,52.9,0.00253883,0.519555556,18.704,32.756
33507,25.49395391,0.02,3,15,51.20979606,23,5,5,0,10.314,1.3,9.923221013,4.7275,12.09,0.067135592,3.438,51.57,9.145
34105,32.67807438,0.02,1,108,93.08497466,23,5,0,0,9.829,17,1046.239759,0,72.24,0.004888504,0.455046296,49.145,43.344
34728,35.43509012,0.00827647,3,18,447.0503683,2,2,0,0,7.463,7,10.38030773,2.99,50.74,0.001854874,0.829222222,14.926,25.3328
36931,26.23602555,0.00134497,3,48,74.35125997,17,2,7,0,7.508,5,57.22167599,8.0625,23.79,0.004207505,0.312833333,15.016,16.6242
36963,52.68902578,0.02307427,1,24,144.3166328,4,2,0,0,9.608,3.5,20.36011236,1.04,1.12,0.005547986,0.800666667,19.216,1.088
37406,19.83481634,0.02,3,15,23.81158573,22,5,0,0,9.269,7.4,9.923221013,1.04,23,0.129754763,3.089666667,46.345,10.8896
37982,25.55692448,0.00779294,3,36,171.9506127,2,2,0,0,7.463,7.25,63.95654243,1.82,40.42,0.002411222,0.414611111,14.926,19.1984
38076,17.4501483,0.0093091,1,54,41.89448184,4,2,0,0,10.119,9.09,112.41478,0,51,0.008945755,0.374777778,20.238,30.6
38332,17.4501483,0.02,1,54,79.95978511,4,2,0,0,10.119,8,164.7724369,4.55,29.92,0.004687078,0.374777778,20.238,18.584
38374,17.4501483,0.01878308,1,54,53.23939568,4,2,0,0,9.964,8.05,159.6808998,5.07,32.64,0.006931653,0.369037037,19.928,20.424
38678,17.4501483,0.00246603,1,54,145.9836079,4,2,0,0,10.119,9.44,57.85870977,14.625,32.64,0.002567259,0.374777778,20.238,28.5768
39074,22.6630162,0.02,3,18,172.1108525,12,3,0,0,8.291,2.3,16.13625148,6.825,14.62,0.00802874,1.381833333,24.873,14.3748
39563,17.8828428,0.02,3,18,25.43012753,2,2,0,0,10.853,3.6,16.13625148,1.56,24.96,0.047419695,1.205888889,21.706,12.2304
40408,30.51243441,0.02,3,18,200.1072554,8,3,0,0,9.389,5,16.13625148,2.99,31.98,0.007819973,1.564833333,28.167,17.576
41355,47.02167465,0.02618732,3,42,72.5542017,18,3,0,0,8.778,7.5,176.8498154,3.77,43.68,0.008641815,0.627,26.334,23.504
41443,61.35979922,0.02,3,12,24.02323485,4,2,5,10,9.058,2.5,5.473006486,24,1.12,0.062841939,1.509666667,18.116,6.8448
41764,20.96566279,0.02,3,15,41.66410434,17,2,5,10,6.88,8,9.923221013,24,15.19,0.022017354,0.917333333,13.76,19.5708
42766,41.04357746,0.00955014,3,24,41.88420322,3,2,0,10,7.306,3,24.01388847,38.28,1.12,0.014536109,0.608833333,14.612,9.6768
42792,69.74857404,0.02,2,24,24.02512388,4,2,0,0,8.718,3.5,46.33523335,26,1.76,0.030239178,0.7265,17.436,8.432
43697,22.37827972,0.02689341,3,60,118.9883408,7,3,0,0,9.686,6.9,463.9315553,0,18.98,0.004070147,0.4843,29.058,13.6344
43828,26.70134611,0.0130865,3,15,122.2634229,12,3,0,0,7.382,8.5,8.026928992,1.56,22.23,0.012075566,1.4764,22.146,11.388
43879,19.8923112,0.02,3,15,200.7854517,11,4,0,0,9.864,5,9.923221013,2.99,39,0.013100551,2.6304,39.456,20.384
43936,22.79990874,0.0093723,3,15,64.01846453,12,3,0,0,7.382,7.5,6.792986589,2.99,27,0.023062096,1.4764,22.146,14.7392
46041,12.4042893,0.02813506,1,84,17.7714239,15,3,0,0,9.43,8.75,634.8750009,0,8.4,0.01895097,0.336785714,28.29,8.4672
46154,29.40360484,0.00605241,1,84,49.56700874,15,3,0,0,9.43,8.85,294.4614686,0,42.12,0.006794554,0.336785714,28.29,25.272
46416,41.16267397,0.03711956,3,15,32.32797275,4,2,5,0,7.388,3,13.51882905,15.985,18.86,0.030471031,0.985066667,14.776,18.7252
46841,13.44193475,0.01803397,3,60,96.48451995,20,3,5,0,10.094,9,379.9064334,13.125,35.64,0.005230891,0.5047,30.282,27.4224
46856,14.43851243,0.03993921,2,36,74.11239121,3,2,0,0,7.75,4.5,193.0513232,1.82,9.02,0.005809495,0.430555556,15.5,5.5568
46941,32.18526124,0.09088696,3,18,138.6337511,3,2,0,0,7.388,5,34.39841601,8.2875,13.26,0.005921277,0.820888889,14.776,14.8512
47015,14.43851243,0.02006782,2,36,43.85147619,4,2,0,0,7.75,4.5,136.8431763,1.82,9.02,0.009818496,0.430555556,15.5,5.5568
47048,34.83276295,0.01453491,1,54,220.1596364,3,2,0,0,9.403,9.3,140.4674636,0,44.88,0.001581849,0.348259259,18.806,26.928
47249,40.42356833,0.02073681,3,15,14.46703012,14,3,5,10,8.948,2,10.10435604,23.8,4.48,0.123701961,1.7896,26.844,10.3936
47363,40.19895049,0.03309376,3,42,175.2596247,5,2,0,0,9.545,12,198.8072142,4.29,18.9,0.002593431,0.45452381,19.09,13.8768
47422,14.43851243,0.03134733,2,36,57.73992358,4,2,0,0,7.75,4.5,171.0304055,1.82,19.78,0.007456809,0.430555556,15.5,11.0192
47443,41.2886151,0.02943008,3,15,37.37672273,18,3,0,0,7.325,5.5,12.03741928,2.99,27.14,0.039195518,1.465,21.975,14.6288
47681,41.2886151,0.04650223,3,15,51.61043139,18,3,0,0,7.325,5,15.13124127,2.99,27.14,0.028385734,1.465,21.975,14.6288
47721,14.43851243,0.02,2,30,8.502774479,4,2,0,0,7.75,4.5,84.01136787,1.82,14.3,0.06076448,0.516666667,15.5,8.2064
47817,39.44889345,0.00498648,3,15,40.1084156,14,3,10,10,8.948,2,4.954897868,23.8,3.22,0.044619065,1.7896,26.844,9.184
47955,32.59331508,0.06209072,3,30,149.2976667,3,2,0,0,7.441,8,111.0190916,0,17.94,0.003322669,0.496066667,14.882,9.0792
49787,19.47900981,0.02,3,15,196.5277524,11,4,0,0,8.103,0,9.923221013,26,1.12,0.010994885,2.1608,32.412,7.2416
49915,13.3708647,0.02,3,18,21.8996674,3,2,5,0,7.408,3,16.13625148,7.015,18.86,0.037585553,0.823111111,14.816,13.4524
50044,58.13472507,0.02,3,24,58.14428494,4,2,0,0,8.993,7.5,34.75142502,2.99,42,0.012888914,0.749416667,17.986,21.7952
50182,53.78690395,0.04232642,3,24,347.3008334,4,2,0,0,7.406,5,50.55491548,0,31,0.001777038,0.617166667,14.812,12.3504
50365,16.20168834,0.01633484,3,36,58.77026587,4,2,0,0,7.843,8,92.59589918,29.12,1.96,0.007413991,0.435722222,15.686,8.9936
51358,14.15925165,0.01861263,3,36,67.15861109,4,2,0,0,8.066,13,98.84123951,10.79,29.14,0.00667243,0.448111111,16.132,26.0336
52112,20.69997718,0.02654454,3,18,161.9918832,10,4,0,0,11.102,2.7,18.58982313,0,0,0.015229844,2.467111111,44.408,0
52584,18.27424139,0.05728944,3,15,47.1291025,8,3,0,0,8.65,4.5,16.79480458,1.04,23,0.03670768,1.73,25.95,10.8896
52603,27.44889345,0.01720747,3,18,34.86858234,11,4,5,0,11.156,2,14.96739315,7.015,1.12,0.071098707,2.479111111,44.624,2.884
52951,11.42151494,0.02,3,30,145.1794046,8,3,0,0,7.895,6.25,63.0085259,1.82,17.94,0.005438099,0.7895,23.685,10.088
53687,15.62673968,0.01771295,3,15,135.4940831,17,2,0,0,7.448,3.5,9.338628837,0,9.6,0.007329225,0.993066667,14.896,7.056
53843,15.62673968,0.04137645,3,15,50.75351153,2,2,0,0,7.448,5,14.27296759,0,4.48,0.019566462,0.993066667,14.896,3.2928
53866,58.34816336,0.02409435,3,36,41.50349953,4,2,0,0,8.905,3.2,112.4584047,2.99,15,0.011920012,0.494722222,17.81,9.0944
54010,15.62673968,0.02023489,3,15,24.70979547,17,2,0,0,7.448,4,9.981322552,0,4.48,0.04018919,0.993066667,14.896,3.2928
54084,45.06684919,0.0140838,3,36,28.4014197,14,3,0,0,8.727,6.9,85.97936544,7.28,25.76,0.025606114,0.72725,26.181,18.368
55380,7.796600502,0.02,3,15,43.76630107,2,2,0,0,8.782,1.75,9.923221013,1.04,36.58,0.026754222,1.170933333,17.564,16.3664
55489,32.87805156,0.02,3,15,83.36439292,2,2,10,10,8.782,1.75,9.923221013,51.33,2.24,0.014045965,1.170933333,17.564,14.6544
55744,39.73351586,0.05193396,1,72,115.5313437,15,3,0,0,9.645,10,571.8277811,14.625,63,0.003478493,0.401875,28.935,43.65
56408,46.10723249,0.0213256,3,15,243.8383892,4,2,0,0,9.698,5,10.24680086,1.04,31,0.005302966,1.293066667,19.396,14.0768
56516,22.36732831,0.02740145,3,36,116.05225,3,2,0,0,7.339,6.5,119.9281359,1.82,17.94,0.003513264,0.407722222,14.678,10.088
56710,14.76979238,0.01768698,3,48,96.11589656,4,2,0,0,9.726,5,207.5062192,6.825,5.6,0.004216264,0.40525,19.452,6.396
56880,46.06068903,0.00987794,1,36,50.61785733,1,2,7,0,9.671,4.5,39.27589299,5.25,37.72,0.010614392,0.537277778,19.342,21.2004
59033,4.768423454,0.02,3,30,120.8521813,14,3,0,0,7.636,5,63.0085259,0,5.32,0.006318463,0.7636,22.908,2.8896
60659,8.938170203,0.02,1,96,41.61773336,15,3,0,0,9.733,8.85,764.2307239,52.65,55.08,0.007308333,0.30415625,29.199,54.108
61408,19.88409765,0.02,3,54,64.57307427,6,3,0,0,7.38,9.5,302.082801,0,46.2,0.006349396,0.41,22.14,27.72
61423,19.88409765,0.02,3,54,69.07315051,6,3,0,0,7.38,9.5,302.082801,0,46.2,0.005935736,0.41,22.14,27.72
62387,19.39413644,0.02,3,15,115.3607615,11,4,10,0,8.098,2.5,9.923221013,7.44,19.11,0.018719248,2.159466667,32.392,13.794
64039,18.4850559,0.02,3,48,114.9407296,8,3,0,0,10.188,10,220.6577945,3.12,3.36,0.005539812,0.63675,30.564,3.264
64793,17.65822496,0.02,3,18,98.4565738,10,4,5,0,10.976,4,16.13625148,4.025,31.98,0.024773471,2.439111111,43.904,18.1844
64794,17.65822496,0.02,3,18,114.1731228,10,4,0,0,10.976,4.2,16.13625148,0,25.42,0.021363269,2.439111111,43.904,12.5736
64796,17.65822496,0.02,3,18,303.9292803,10,4,0,0,10.976,4.5,16.13625148,0,31,0.008025259,2.439111111,43.904,14.5824
64804,17.65822496,0.02,3,15,30.91807281,11,4,0,0,10.976,5,9.923221013,0,15,0.094667392,2.926933333,43.904,5.976
65977,20.9107917,0.04965898,3,48,24.1648161,15,3,0,0,8.313,7.1,347.6987847,0,2.8,0.021500784,0.5195625,24.939,3.192
66224,8.853410906,0.02,3,15,14.98396963,4,2,0,0,9.843,2,9.923221013,2.99,3.22,0.087586937,1.3124,19.686,3.128
66669,38.60837326,0.0278151,3,24,194.1391357,21,5,10,10,9.767,5,40.98245144,28.32,36.58,0.0104811,2.034791667,48.835,33.276
66695,41.22564454,0.02948954,3,18,128.8591323,22,5,0,0,9.822,3,19.59393463,5.525,1.12,0.021172992,2.728333333,49.11,2.9648
66764,38.03331052,0.00147252,3,15,135.8207767,21,5,0,0,9.93,4,2.692577841,6.5,19.11,0.024370351,3.31,49.65,18.044
67402,12.0538444,0.03178063,3,15,72.37093777,4,2,10,10,7.694,3.5,12.50889415,24,35,0.014175119,1.025866667,15.388,30.6
68479,28.20990189,0.05291515,1,60,56.69405541,7,3,7,0,7.494,10,354.960116,18.375,6.72,0.006609159,0.3747,22.482,11.8104
69958,33.6939311,0.06736771,3,36,142.5015109,23,5,0,0,9.643,7,188.0443129,1.82,37.83,0.009398536,1.339305556,48.215,18.044
70075,21.29409081,0.00840118,3,24,128.5533854,15,3,0,0,10.188,6,22.52307925,6.5,26.35,0.00990639,1.2735,30.564,19.292
70081,21.09696555,0.02,3,12,84.68158063,8,3,0,0,11.194,2.5,5.473006486,30.68,1.12,0.033047328,2.7985,33.582,8.2928
70085,16.50558978,0.00933925,3,36,160.6124483,12,3,0,0,11.245,4.5,70.01487398,1.82,37.83,0.005834438,0.937083333,33.735,18.044
70403,39.26260552,0.03862413,3,18,129.4527466,4,2,0,0,9.556,4,22.42420272,1.04,20.28,0.008202049,1.061777778,19.112,9.776
70453,41.32420716,0.02884531,3,15,114.4033663,4,2,10,0,9.572,3,11.91722864,5.425,13.26,0.011155849,1.276266667,19.144,9.9712
70616,17.21195528,0.02,3,24,86.81917926,3,2,5,10,7.635,5,34.75142502,23.1625,31.98,0.00732845,0.63625,15.27,28.5376
70617,24.87793749,0.02,3,15,11.27714261,3,2,7,10,7.635,5,9.923221013,27.25,1.12,0.090271094,1.018,15.27,7.4896
70827,39.16678074,0.05061301,3,18,90.88572679,5,2,0,0,9.609,3.5,25.66957858,1.04,31,0.011747352,1.067666667,19.218,14.0768
70828,39.16678074,0.01031727,3,15,48.46242889,5,2,0,0,9.609,4,7.127218355,2.99,31,0.026436975,1.2812,19.218,16.6208
70829,39.16678074,0.05047505,3,24,25.75529871,5,2,0,0,9.609,4,55.20723533,1.04,11.27,0.03109069,0.80075,19.218,5.8712
71253,9.548710929,0.03636976,3,24,170.4712815,5,2,0,0,9.545,3,46.86275728,1.04,13.26,0.004665986,0.795416667,19.09,6.968
71690,8.606890258,0.01038894,3,72,96.25599122,18,3,0,0,7.569,11.7,468.8852651,12.87,3.36,0.003276419,0.315375,22.707,6.6096
71703,63.82934063,0.0786095,3,18,8.904522636,4,2,0,0,7.569,3.5,31.99080531,2.99,3.22,0.094446388,0.841,15.138,3.128
71704,63.82934063,0.0137101,3,15,29.1755952,18,3,5,0,7.569,3,8.215953595,7.015,50.74,0.051885831,1.5138,22.707,28.4548
72801,63.82934063,0.06758748,3,18,289.9939257,4,2,0,0,7.569,5,29.66339008,2.015,36.55,0.002900061,0.841,15.138,18.0056
73424,16.96007301,0.02,3,24,46.08212948,11,4,0,0,7.608,3,34.75142502,1.04,7.35,0.02751609,1.268,30.432,4.1528
73929,18.64944102,0.02,3,24,194.8977966,10,4,0,0,7.606,6,34.75142502,1.04,13.26,0.006504264,1.267666667,30.424,6.968
73978,11.42413872,0.01484882,3,60,114.4870692,13,3,0,0,7.775,20,344.7283081,5.72,26.98,0.00339558,0.38875,23.325,16.856
74146,36.28656172,0.00816831,3,18,73.45460826,3,2,10,0,9.403,9,10.3122578,9.36,1.68,0.014223448,1.044777778,18.806,4.14
74455,36.82318047,0.06050114,3,15,188.4262042,2,2,10,0,9.403,4,17.25915167,7.44,1.12,0.00665371,1.253733333,18.806,3.036
74830,36.28108601,0.03842284,3,15,153.554497,2,2,10,0,9.384,3.5,13.75410697,7.44,1.12,0.008148247,1.2512,18.768,3.036
75036,19.06821812,0.02,3,54,99.57207082,15,3,5,10,10.271,13.7,302.082801,28,4.06,0.005730634,0.570611111,30.813,11.0656
75037,19.06821812,0.02,3,54,100.9947041,15,3,5,10,10.271,13.7,302.082801,28,4.06,0.005649911,0.570611111,30.813,11.0656
75302,37.54597308,0.02,3,18,99.76383056,21,5,0,0,9.776,5,16.13625148,2.99,1.12,0.027219841,2.715555556,48.88,1.904
75413,91.42687657,0.01389487,3,15,35.98451484,5,2,5,0,7.673,1.75,8.271131209,0,0,0.028430748,1.023066667,15.346,0
75414,91.42687657,0.00838156,3,15,23.86189622,5,2,0,0,7.673,2,6.423919581,2.99,23,0.042874492,1.023066667,15.346,12.8576
75722,20.73009354,0.0295672,3,42,172.4885331,6,3,0,0,7.792,13,187.9161832,2.99,24.96,0.003226716,0.556571429,23.376,14.768
76102,9.398129135,0.02561758,3,18,42.9390898,4,2,0,0,7.994,8,18.26235187,2.99,31,0.020685632,0.888222222,15.988,16.6208
76515,16.75484828,0.02,3,36,98.38979599,7,3,0,0,6.838,6,102.4588103,3.77,16.8,0.00579159,0.569833333,20.514,10.4864
76516,16.75484828,0.02,3,36,56.28721263,7,3,0,0,6.838,6.3,102.4588103,3.77,7.84,0.010123673,0.569833333,20.514,6.1472
76540,12.07586128,0.02,3,24,57.76934875,23,5,0,0,6.88,7.5,34.75142502,1.04,10.54,0.024811312,1.433333333,34.4,5.6816
76641,18.66027835,0.02,3,24,340.4180604,8,3,0,0,7.647,8.7,34.75142502,1.56,35.1,0.002807944,0.955875,22.941,16.536
76719,35.52270135,0.05653975,3,30,102.5826998,22,5,0,0,9.877,0,105.9403158,1.82,17.94,0.016047215,1.646166667,49.385,10.088
77003,19.77184577,0.02,3,15,22.60022835,15,3,10,10,8.959,7.3,9.923221013,43.5,1.12,0.079282385,1.7918,26.877,10.7136
77049,35.65959389,0.02536879,3,18,165.5577707,21,5,0,0,9.687,4,18.17345636,6.5,14.72,0.016253138,2.690833333,48.435,12.8576
78132,23.94433037,0.02,3,15,60.02433248,11,4,5,0,8.523,3,9.923221013,4.7275,22.54,0.037864644,2.2728,34.092,14.0866
78133,23.94433037,0.02,3,18,73.47587717,11,4,10,0,8.523,3,16.13625148,7.44,22.54,0.025777168,1.894,34.092,15.5496
78134,23.94433037,0.02,3,18,62.35680827,11,4,10,0,8.523,3,16.13625148,7.44,18.62,0.030373588,1.894,34.092,13.5432
78303,31.38866073,0.00074242,3,15,134.6948204,11,4,5,10,9.947,3,1.911888222,20.65,1.12,0.019692913,2.652533333,39.788,6.3616
78573,46.14282455,0.04063206,3,36,95.98331219,14,3,0,0,8.727,6.3,146.03896,0,25.76,0.007576838,0.72725,26.181,15.456
78622,19.53924253,0.02,3,15,29.51849898,2,2,0,0,7.491,4,9.923221013,1.82,1.96,0.033836409,0.9988,14.982,1.904
79291,54.68777093,0.02,3,15,90.73323265,4,2,10,10,8.392,5,9.923221013,27.25,1.12,0.012332122,1.118933333,16.784,7.4896
79292,45.59536847,0.02,3,15,41.71575427,4,2,0,0,8.392,5,9.923221013,9.75,1.12,0.0268228,1.118933333,16.784,4.0176
79293,45.59536847,0.02,3,15,32.4770531,4,2,0,0,8.392,2.8,9.923221013,9.75,1.12,0.034453044,1.118933333,16.784,4.0176
79670,17.47216518,0.02,3,18,107.2091902,2,2,0,0,7.157,6,16.13625148,2.99,35.26,0.007417482,0.795222222,14.314,19.1984
79751,37.69107917,0.02,3,42,61.21126428,23,5,0,0,6.978,7.09,154.5518049,10.92,34.72,0.013571265,0.830714286,34.89,25.2
79752,37.69107917,0.02,3,42,72.02009718,23,5,0,0,6.978,6.2,154.5518049,29.12,34.72,0.011534479,0.830714286,34.89,32.48
79920,17.38170203,0.02,3,60,56.77587089,17,2,5,0,7.139,14,400.0792012,12.425,4.06,0.004191335,0.237966667,14.278,7.0532
79921,16.66986083,0.02,3,15,99.4372472,3,2,0,0,7.139,8.65,9.923221013,1.56,9.66,0.009572536,0.951866667,14.278,5.7072
79922,16.66986083,0.02,3,18,25.25941616,3,2,0,0,7.139,10.95,16.13625148,0,7.56,0.031403031,0.793222222,14.278,4.536
79923,16.66986083,0.02,3,18,98.14603089,3,2,5,0,7.139,9.95,16.13625148,8.1375,22.23,0.008082061,0.793222222,14.278,19.2066
79949,15.40497376,0.02,2,60,135.6230296,8,3,0,0,7.174,6.63,533.4389349,0,4.4,0.002644831,0.3587,21.522,5.3328
79950,15.07916952,0.02,2,60,70.85625869,8,3,0,0,7.174,6.25,533.4389349,0,27.28,0.005062362,0.3587,21.522,19.0464
80628,17.21195528,0.02,3,24,24.62954615,3,2,5,10,7.635,5,34.75142502,27.25,39,0.025832794,0.63625,15.27,34.3
80629,24.87793749,0.02,3,15,77.16853027,21,5,5,10,7.635,7,9.923221013,27.25,16.1,0.032979765,2.545,38.175,20.254
80630,24.87793749,0.02,3,15,49.54091768,21,5,5,10,7.635,7,9.923221013,27.25,24.96,0.051371677,2.545,38.175,26.8912
80631,24.87793749,0.02,3,15,97.7073611,21,5,5,10,7.635,6,9.923221013,27.25,1.12,0.026047167,2.545,38.175,7.4896
80632,17.21195528,0.02,1,30,60.02142608,3,2,7,10,7.635,3.5,34.36828685,30.52,34.96,0.008480305,0.509,15.27,34.804
81644,38.21674652,0.03745,3,66,234.7967507,22,5,0,0,9.21,25.5,705.8905719,5.72,62.3,0.002971622,0.697727273,46.05,33.512
81726,45.17636322,0.0282,1,42,230.1335491,14,3,0,0,9.374,7,100.1018728,1.82,13.16,0.002909491,0.669571429,28.122,7.436
82001,46.66039243,0.126535,3,15,217.3350862,15,3,0,0,9.102,4,24.9599092,1.04,13.26,0.008376006,1.8204,27.306,6.968
82090,18.53433721,0.05324619,3,60,84.513083,3,2,5,0,7.254,15,652.7926341,12.425,4.06,0.002861095,0.2418,14.508,7.0532
82669,42.24138718,0.03215596,3,30,124.3935079,2,2,0,0,9.079,6,79.89416485,1.82,31.98,0.004865742,0.605266667,18.158,15.704
83189,31.41592517,0.01389624,3,36,143.9236256,8,3,0,0,9.845,5.5,85.40493451,1.82,37.83,0.005700361,0.820416667,29.535,18.044
83229,15.09297285,0.02,3,24,31.58184228,4,2,0,0,9.767,4.5,34.75142502,2.99,39,0.025771665,0.813916667,19.534,20.384
83268,15.09297285,0.0460011,3,24,12.17357417,4,2,0,0,9.767,5,52.70377562,2.99,31,0.066859302,0.813916667,19.534,16.6208
83330,14.21948437,0.01387894,3,48,23.77833621,14,3,0,0,9.698,6.8,183.8156246,36.92,2.8,0.02549064,0.606125,29.094,11.7968
83585,45.61727128,0.02,3,24,107.1976383,4,2,0,0,9.812,4.5,34.75142502,2.99,39,0.007627656,0.817666667,19.624,20.384
84328,45.12719598,0.02448297,3,15,310.4199014,4,2,10,0,9.456,2,10.97917523,7.44,19.55,0.004061595,1.2608,18.912,14.8356
84597,9.6226329,0.01918084,3,15,26.06763846,4,2,0,0,9.195,2,9.717878786,0,12.3,0.047031495,1.226,18.39,5.004
84598,9.6226329,0.0239764,3,15,16.6830769,4,2,0,0,9.195,2,10.86499808,0,7,0.073487643,1.226,18.39,2.7888
84599,9.6226329,0.0795548,3,24,13.82685542,4,2,0,0,9.195,2.7,69.30918854,0,1.12,0.055417517,0.76625,18.39,0.672
84601,9.6226329,0.02,3,24,25.33022678,4,2,0,0,9.195,2.5,34.75142502,1.04,23,0.03025042,0.76625,18.39,10.8896
84903,11.48437144,0.01846055,3,36,167.925377,4,2,0,0,7.93,4.5,98.43660547,7.28,21.62,0.00262352,0.440555556,15.86,16.5968
86694,76.64522017,0.04060798,3,15,27.08833926,18,3,10,10,8.546,2,14.13980303,11.04,39,0.063097261,1.7092,25.638,25.872
86696,13.16005019,0.02758251,3,18,36.25453575,4,2,0,0,8.546,2,18.94979639,26,23,0.026191359,0.949555556,17.092,24.2
87620,40.25370751,0.09844259,1,108,30.47461592,2,2,0,0,9.609,12,2321.174216,10.8225,57,0.005839104,0.177944444,19.218,38.2392
87621,39.74994296,0.05815605,1,108,34.39023309,15,3,0,0,9.609,10,1784.077322,10.8225,57,0.007761409,0.266916667,28.827,38.2392
87670,56.33036733,0.02,1,36,193.8567552,8,3,0,0,9.812,5,55.8866238,1.82,43.24,0.004217891,0.817666667,29.436,20.4152
87696,44.46725987,0.06785615,1,78,103.1593968,5,2,0,0,9.685,10.5,809.1575465,0,48.96,0.002407278,0.248333333,19.37,30.8448
87706,45.86903947,0.01157055,1,54,86.42629963,5,2,0,0,9.685,7.5,125.3275554,12.09,52.08,0.0041504,0.358703704,19.37,36.084
88813,67.90873831,0.02133062,3,72,154.7072034,2,2,0,0,9.638,16,671.8660642,0,33.82,0.001730509,0.267722222,19.276,20.292
89563,19.27629478,0.01396921,3,60,97.08112021,8,3,5,0,9.921,13,334.3619887,14,4.06,0.005109644,0.49605,29.763,7.6076
89564,19.27629478,0.01396921,3,60,95.67003938,8,3,5,0,9.921,13,334.3619887,14,4.06,0.005185009,0.49605,29.763,7.6076
89930,8.379648642,0.09045737,3,66,61.90761175,15,3,5,0,9.477,10,1097.067751,13.125,3.36,0.006958316,0.430772727,28.431,6.8376
90914,14.50969655,0.02,3,66,101.6559249,15,3,0,0,10.687,20,515.8536029,10.4,32.66,0.004778597,0.485772727,32.061,24.4688
90928,32.79032626,0.02,1,18,22.68278717,17,2,0,0,10.687,5,8.801591717,1.04,37.72,0.052350024,1.187444444,21.374,16.7912
91596,41.09434178,0.02,3,15,23.71008409,4,2,10,10,10.04,4,9.923221013,20.65,59,0.056459803,1.338666667,20.08,43.66
92665,35.01072325,0.00438808,3,42,182.3120488,22,5,7,0,10.383,13,72.39296287,21.5625,3.22,0.006779977,1.236071429,51.915,8.6112
92765,22.59742186,0.05684406,3,15,131.939898,22,5,0,0,10.681,5,16.72939406,0,13.26,0.026984509,3.560333333,53.405,6.2712
93611,45.85808807,0.08747046,1,36,259.5162342,5,2,0,0,8.786,6,116.8755268,1.82,17.48,0.00188085,0.488111111,17.572,9.8552
93678,46.70134611,0.06451186,3,18,175.161515,25,5,0,0,8.893,3.5,28.98060434,4.55,5.1,0.014102857,2.470277778,44.465,5.6144
93768,53.52407027,0.02,3,18,61.66195703,4,2,0,0,8.737,3,16.13625148,5.72,5.1,0.015743545,0.970777778,17.474,6.4496
95587,20.53023044,0.01300616,3,30,46.13197755,12,3,0,0,7.43,7.5,50.81113167,3.77,43.68,0.016105965,0.743,22.29,23.504
96354,20.48368697,0.00491132,3,72,101.8056237,2,2,5,10,7.13,15,322.3889011,0,0,0.001945428,0.198055556,14.26,0
96355,20.48368697,0.00496286,3,72,100.7484002,2,2,10,10,7.13,15,324.0760808,0,0,0.001965843,0.198055556,14.26,0
96660,21.82523386,0.04482389,3,54,111.5475107,8,3,0,0,9.471,8.5,452.236669,0,56.76,0.004716974,0.526166667,28.413,34.056
96664,28.042893,0.01982375,3,54,141.2445497,8,3,0,0,9.487,7.1,300.7488032,0,48.36,0.003731511,0.527055556,28.461,29.016
96674,28.042893,0.01036701,3,54,48.22996953,8,3,0,0,9.487,6.8,217.4892324,0,22.63,0.010927968,0.527055556,28.461,16.2564
96681,12.042893,0.01238458,3,54,80.74558274,8,3,0,0,9.487,7.7,237.712294,0,38.44,0.006527361,0.527055556,28.461,23.064
96768,24.66164727,0.02,3,60,149.1951264,17,2,7,10,7.508,16,400.0792012,24.85,4.06,0.001677445,0.250266667,15.016,10.2592
97202,52.8315081,0.02,3,30,65.91227322,4,2,0,0,10.118,4,63.0085259,3.77,1.96,0.010233805,0.674533333,20.236,2.72
97203,52.8315081,0.02,3,30,58.2295308,4,2,5,0,10.118,5,63.0085259,6.5575,1.96,0.011584042,0.674533333,20.236,3.502
97956,12.16062058,0.06528734,3,72,13.78521467,3,2,0,0,7.833,8,1175.426434,0,43.4,0.015783819,0.217583333,15.666,26.04
99188,43.36116815,0.03639271,1,83,118.1555472,15,3,0,0,8.778,9.5,699.3613897,0,75.6,0.002685249,0.317277108,26.334,45.36
99914,31.66792151,0.16408447,3,30,18.28324633,8,3,7,0,9.487,3.2,180.4754198,10.875,1.96,0.051889035,0.9487,28.461,4.68
100162,27.05179101,0.00249796,3,54,80.0653326,9,3,10,0,9.454,5,106.7588143,16.8,48.36,0.006559921,0.525222222,28.362,33.792
100163,27.05179101,0.00251181,3,54,79.6234015,9,3,10,0,9.454,5,107.0543686,16.8,48.36,0.00659633,0.525222222,28.362,33.792
100608,57.7103582,0.02,3,30,187.982239,4,2,0,0,8.039,4.2,63.0085259,3.77,32.9,0.002850979,0.535933333,16.078,18.7856
100735,52.88067534,0.05307964,3,24,296.2457315,14,3,0,0,8.21,3.6,56.61370851,0,39,0.003464185,1.02625,24.63,23.4
100788,15.28998403,0.03891749,3,15,17.98679078,4,2,0,0,8.084,2,13.84235802,26,1.12,0.059925458,1.077866667,16.168,7.2416
100794,15.28998403,0.08188939,3,15,7.326991328,4,2,0,0,8.084,2,20.07943482,26,1.12,0.147109041,1.077866667,16.168,7.2416
101010,29.65548711,0.04577589,3,18,28.39922953,22,5,0,0,9.874,3,24.41215137,7.67,17.7,0.096579302,2.742777778,49.37,13.688
101011,29.65548711,0.08445342,3,18,13.02493163,22,5,0,0,9.874,3,33.15860693,0,0,0.210579054,2.742777778,49.37,0
101340,21.00935432,0.00671649,3,48,107.1989122,3,2,0,0,8.549,8,127.8720011,8.45,13.34,0.003322873,0.356208333,17.098,14.2352
101354,9.064111339,0.00687056,3,72,58.21938658,14,3,0,0,8.549,10.55,381.308981,0,22.08,0.00611838,0.356208333,25.647,17.2224
101949,70.15925165,0.01266552,3,15,23.68615419,14,3,0,0,7.826,3,7.896764361,0,1.12,0.066080799,1.5652,23.478,2.0832
103620,59.93075519,0.11457159,3,15,25.31168427,17,2,0,0,8.352,6,23.75068482,2.99,31,0.043995492,1.1136,16.704,16.6208
103621,59.93075519,0.02795089,3,15,42.93244671,17,2,5,0,8.352,7,11.73101221,7.015,19.84,0.025938424,1.1136,16.704,14.0296
103622,14.24150125,0.03840462,3,15,23.43468152,17,2,7,0,8.352,6,13.7508455,8.625,15,0.047519314,1.1136,16.704,12.936
105703,64.34143281,0.03174808,3,18,286.6315389,4,2,0,0,9.94,3,20.33042179,2.99,31,0.003853185,1.104444444,19.88,16.6208
106187,17.4501483,0.09672546,1,54,41.35415832,17,2,0,0,9.964,5.5,362.3597646,4.55,26.4,0.008923819,0.369037037,19.928,16.6448
106188,17.4501483,0.0084203,1,54,118.7605454,4,2,0,0,9.964,6.8,106.9136975,0,42.16,0.003107404,0.369037037,19.928,23.8272
106189,17.4501483,0.02486911,1,54,52.27367948,4,2,0,0,9.964,6.9,183.7382978,0,29.92,0.00705971,0.369037037,19.928,22.3584
106190,17.4501483,0.00347647,3,54,28.7648077,4,2,0,0,9.964,6.05,125.9448011,0,2.8,0.012829463,0.369037037,19.928,3.0912
106192,17.4501483,0.0161397,1,54,49.56720473,4,2,0,0,9.964,7,148.0189421,0,42.16,0.007445186,0.369037037,19.928,26.7648
106193,17.4501483,0.01188144,1,54,75.74840848,4,2,0,0,9.964,8.1,127.0001128,5.07,32.64,0.004871878,0.369037037,19.928,20.424
106215,17.29409081,0.02227259,3,24,71.83716821,4,2,0,0,9.964,5,36.67270808,0,31.98,0.011558548,0.830333333,19.928,15.8184
106318,56.17704768,0.00482693,1,54,269.3221424,16,3,0,0,9.639,6,80.94780324,2.6,18.4,0.001988325,0.5355,28.917,12.08
106441,61.20374173,0.02,3,15,142.3984016,4,2,7,0,9.454,3,9.923221013,8.625,31,0.008852159,1.260533333,18.908,20.4624
106549,55.99372576,0.00175588,1,42,56.95117816,4,2,0,0,9.454,5.45,24.9784258,2.795,23.18,0.007904849,0.450190476,18.908,13.6652
106550,58.044376,0.01629414,1,42,190.2524827,4,2,0,0,9.454,4.85,76.09101376,2.795,23.18,0.002366279,0.450190476,18.908,13.6652
106748,42.85614876,0.02141145,1,60,60.71541433,9,3,0,0,9.471,5.5,225.7940957,14.3,15.08,0.007799502,0.47355,28.413,14.768
106762,14.82466347,0.04765414,3,60,18.88607479,8,3,0,0,9.471,7.5,617.5630377,0,8.68,0.02507403,0.47355,28.413,5.208
106765,21.82534794,0.00832539,3,60,36.03435954,8,3,0,0,9.471,8.5,258.1269026,0,51.48,0.013141624,0.47355,28.413,30.888
106766,21.82534794,0.11790344,3,60,19.50761323,8,3,0,0,9.471,8,971.3913118,0,48.36,0.024275138,0.47355,28.413,29.016
106782,12.042893,0.15883534,3,54,27.07209716,8,3,0,0,9.487,7.4,851.3037966,0,38.44,0.01946859,0.527055556,28.461,23.064
107149,23.34759297,0.0993812,3,24,51.31755486,4,2,0,0,8.305,8,77.4657515,7.67,17.7,0.013486288,0.692083333,16.61,13.688
107183,23.34759297,0.01992031,3,24,190.760077,4,2,0,0,8.305,8,34.68212239,7.67,17.7,0.00362803,0.692083333,16.61,13.688
107232,65.47478896,0.02,3,36,55.15554187,4,2,5,0,8.204,8,102.4588103,19.825,1.96,0.008263499,0.455777778,16.408,7.0864
108156,70.85751768,0.01120702,3,24,40.15344724,18,3,5,0,8.67,11.08,26.01373391,23.865,1.68,0.026990211,1.08375,26.01,7.656
108359,54.60552133,0.02,3,54,57.67598092,15,3,0,0,8.947,7.95,302.082801,15.6,36.8,0.008618069,0.497055556,26.841,28.32
108360,54.60552133,0.02,3,54,25.91259291,15,3,0,0,8.947,10.35,302.082801,14.9175,39.9,0.019182008,0.497055556,26.841,32.2704
108361,15.42140087,0.00775793,3,54,96.67503437,15,3,0,0,8.947,11.8,188.1412088,11.4075,36.27,0.005141509,0.497055556,26.841,26.325
108493,15.42140087,0.02,3,48,23.21957174,15,3,0,0,8.947,10,220.6577945,12.87,35.64,0.024082593,0.5591875,26.841,26.532
109160,48.2153776,0.00119235,3,66,90.55253361,15,3,0,0,7.621,6.45,125.9544014,24.44,2.8,0.003825504,0.346409091,22.863,8.9936
109161,48.2153776,0.02349416,3,66,25.53826632,4,2,0,0,7.621,7.1,559.1024964,0,2.8,0.009042877,0.230939394,15.242,3.0912
109162,48.2153776,0.02295436,3,60,56.6341149,4,2,0,0,7.621,7.15,428.6112548,0,2.8,0.004485518,0.254033333,15.242,2.5872
109163,57.13803331,0.02,3,60,18.19999997,4,2,0,0,7.621,6.95,400.0792012,0,13.34,0.013957875,0.254033333,15.242,9.9912
109260,54.56992927,0.00828466,3,15,24.14101565,5,2,0,0,7.621,4,6.386677862,2.99,1.12,0.042091573,1.016133333,15.242,1.904
109261,54.56992927,0.07148721,3,15,92.32421172,5,2,0,0,7.621,4,18.76082102,2.99,12.3,0.011006141,1.016133333,15.242,7.8416
109262,54.81633584,0.07684672,3,15,186.0847185,4,2,0,0,7.621,4.5,19.45137623,2.99,35,0.005460595,1.016133333,15.242,18.5024
110857,6.416723705,0.00768514,3,24,27.32527524,18,3,0,0,8.67,11.06,21.54187551,0,1.68,0.039661083,1.08375,26.01,3.024
110858,6.416723705,0.02759253,3,24,13.04707099,18,3,5,0,8.67,11.64,40.81815606,50.04,1.68,0.08306462,1.08375,26.01,13.032
112014,38.42208533,0.0042143,3,66,166.1011455,8,3,0,0,9.576,8.5,236.7959087,0,45.36,0.002620528,0.435272727,28.728,27.216
112015,38.42208533,0.00435545,3,66,160.7180607,4,2,0,0,9.576,8.5,240.7287643,0,45.36,0.001805533,0.290181818,19.152,27.216
112188,14.19769564,0.04866552,3,24,88.35828657,3,2,0,0,7.765,2,54.2086141,0,31.98,0.007323403,0.647083333,15.53,24.2424
112589,28.99566507,0.02568785,3,15,42.82179951,4,2,5,0,7.75,2.5,11.24608974,12.9625,1.12,0.024131011,1.033333333,15.5,4.4908
112624,19.44056582,0.00684633,3,18,438.1904778,4,2,0,0,7.664,6.75,9.44096897,26,23,0.001943346,0.851555556,15.328,24.2
112634,99.44056582,0.00788379,3,15,355.159024,4,2,0,0,7.664,5.3,6.23024593,26,23,0.002877209,1.021866667,15.328,24.2
112635,104.4398814,0.02,4,18,95.99914571,4,2,0,0,7.664,5.2,13.8310727,26,27,0.008870449,0.851555556,15.328,26.6
112636,19.44056582,0.02,4,12,17.43563866,4,2,0,0,7.664,5.2,4.691148417,26,27,0.073259911,1.277333333,15.328,26.6
112637,19.44056582,0.03802603,4,12,28.92753239,4,2,0,0,7.664,4.85,6.468516177,26,27,0.044156318,1.277333333,15.328,26.6
112638,19.44056582,0.00443579,4,12,225.4385501,4,2,0,0,7.664,4.75,2.20927442,26,27,0.005665993,1.277333333,15.328,26.6
112639,19.44056582,0.01765394,4,12,96.29571667,4,2,0,0,7.664,4.8,4.407425687,26,27,0.013264695,1.277333333,15.328,26.6
112640,19.44056582,0.00178486,4,12,112.0533794,4,2,0,0,7.664,4.3,1.401413361,26,27,0.011399329,1.277333333,15.328,26.6
112641,19.44056582,0.03048878,4,12,26.23931418,4,2,0,0,7.664,3.4,5.792075292,26,27,0.048680134,1.277333333,15.328,26.6
112642,19.44056582,0.03773008,4,12,39.99500612,4,2,0,0,7.664,2.15,6.443295339,26,27,0.031937321,1.277333333,15.328,26.6
113714,14.49064568,0.04230572,1,24,70.67601381,12,3,0,0,9.104,3,27.56866466,0,0,0.016101644,1.138,27.312,0
113907,58.42482318,0.02,1,36,99.79222202,4,2,0,0,8.993,13,55.8866238,8.45,35.72,0.005006514,0.499611111,17.986,27.5336
114030,6.892995665,0.02,1,48,125.948703,22,5,0,0,9.18,8,120.358797,2.6,22.04,0.007592377,0.95625,45.9,12.9032
114600,6.643851243,0.02,3,48,224.5712351,22,5,0,0,9.093,5.5,220.6577945,0,22.62,0.00421776,0.9471875,45.465,11.8872
114607,10.22496007,0.02,3,30,203.0994702,4,2,0,0,8.997,9,63.0085259,0,16.56,0.002953233,0.5998,17.994,9.936
115375,68.27013461,0.02909256,3,30,138.1809356,4,2,0,0,8.878,7.54,75.99329767,35.36,1.12,0.004283273,0.591866667,17.756,9.344
115407,88.27013461,0.06451053,3,42,8.060351814,4,2,0,0,8.878,7.3,277.5711906,29.12,1.96,0.05244956,0.422761905,17.756,8.9936
115415,74.26876569,0.12303719,3,30,13.89796443,4,2,0,0,8.878,8.47,156.2796836,40.56,2.52,0.042586572,0.591866667,17.756,12.264
115416,83.74994296,0.03158747,3,24,19.31136644,4,2,0,0,8.878,9.3,43.6732027,37.44,1.68,0.038310771,0.739833333,17.756,10.512
115417,1.398129135,0.04937542,3,24,50.02554273,4,2,0,0,8.878,6.43,54.60256211,30.68,31.28,0.014789112,0.739833333,17.756,31.1696
115418,83.74994296,0.01257035,3,24,84.7315264,4,2,0,0,8.878,5,27.55061546,0,39,0.0087315,0.739833333,17.756,18.3456
115422,88.27013461,0.00101754,3,42,9.825069826,4,2,0,0,8.878,7.57,34.86059766,29.12,1.96,0.043028896,0.422761905,17.756,8.9936
115423,80.27013461,0.02186136,3,36,247.0104247,4,2,0,0,8.878,6.88,107.1205759,29.12,1.96,0.001996767,0.493222222,17.756,8.9936
115424,74.26876569,0.00532865,3,36,80.70154399,4,2,0,0,8.878,7.95,52.88626645,38.48,1.96,0.006111683,0.493222222,17.756,11.096
115425,74.26876569,0.01966135,3,24,108.3326935,4,2,0,0,8.878,9.2,34.45595466,37.44,1.68,0.006829271,0.739833333,17.756,10.512
115900,18.9177504,0.06611005,1,60,22.68991984,16,3,0,0,9.2,6,396.7558004,4.355,5.6,0.02027332,0.46,27.6,5.588
116579,15.48722336,0.02,3,15,29.27919899,4,2,0,0,8.137,2.3,9.923221013,2.99,35,0.037054748,1.084933333,16.274,18.5024
117284,53.01209217,0.02786178,1,36,146.7960846,4,2,0,0,9.709,5.5,65.96253012,2.73,21.16,0.003674409,0.539388889,19.418,12.222
117668,39.86219484,0.02,1,66,26.49010658,16,3,0,0,9.388,8.5,281.3746925,11.7,55.2,0.01610893,0.426727273,28.164,37.8
117824,41.14898471,0.07650812,3,15,53.58908637,4,2,0,0,9.471,4.25,19.40847585,0,7,0.0235645,1.2628,18.942,4.5024
117825,41.14898471,0.01082591,3,15,166.2678184,9,3,0,0,9.471,4.4,7.300790268,9.75,7,0.011392463,1.8942,28.413,8.1
118051,47.59936117,0.01112799,3,24,134.7952092,9,3,0,0,9.248,4,25.92184942,2.99,7,0.008575972,1.156,27.744,5.3312
118076,39.66792151,0.02,3,36,68.56441659,8,3,0,0,9.246,4.5,102.4588103,3.77,29.9,0.011237607,0.7705,27.738,16.5968
118185,53.43645905,0.07450046,3,15,24.1609234,9,3,7,0,9.434,3,19.15213276,8.625,1.12,0.078093042,1.8868,28.302,3.276
118186,54.23043577,0.00592513,3,15,168.7727592,9,3,7,10,9.434,3.5,5.401154595,24,1.12,0.011179529,1.8868,28.302,6.8448
118426,12.17442391,0.02,3,15,152.3640463,22,5,10,0,9.953,0,9.923221013,7.44,15.19,0.021774603,3.317666667,49.765,11.7876
119192,64.59879078,0.02,1,24,67.39658478,18,3,10,0,8.277,3,18.95532274,7.44,2.24,0.015351297,1.034625,24.831,3.96
119272,64.97376226,0.03312122,4,15,93.59570351,17,2,0,0,8.357,7,10.94571257,26,1.76,0.011905105,1.114266667,16.714,8.432
119513,45.48026466,0.02,3,36,303.9297246,3,2,10,10,7.968,10,102.4588103,22.185,19.38,0.001456477,0.442666667,15.936,20.502
119533,69.92938627,0.02,3,15,168.8023671,14,3,0,0,8.352,0,9.923221013,1.04,27,0.009895596,1.6704,25.056,12.4832
120514,28.59867671,0.05576184,3,30,153.0089583,16,3,0,0,7.826,10,105.2089944,2.34,21.06,0.005114733,0.7826,23.478,12.168
120697,20.68366416,0.02,3,30,124.3428145,15,3,0,0,9.233,7,63.0085259,0,10.92,0.007425439,0.9233,27.699,6.552
121285,31.59936117,0.02,3,18,47.02203407,15,3,0,0,9.607,4,16.13625148,2.015,1.12,0.034051412,1.601166667,28.821,1.496
122528,22.60278348,0.09116529,3,18,44.97325607,5,2,0,0,8.529,4,34.45104618,1.04,25.42,0.021071782,0.947666667,17.058,11.7872
123547,22.96155601,0.12207164,3,15,149.7481339,3,2,0,0,8.411,6.2,24.51574278,0,0,0.007489019,1.121466667,16.822,0
123680,10.63837554,0.01218499,3,60,73.86139312,8,3,5,0,9.279,10,312.2795646,13.125,3.36,0.00628136,0.46395,27.837,6.8376
124261,59.3693817,0.02,1,78,60.79152752,5,2,0,0,9.43,7.6,439.2921869,0,34,0.003977444,0.241794872,18.86,24.8064
125007,23.30914898,0.02,3,15,53.73245077,4,2,0,0,8.756,2.5,9.923221013,1.04,9.52,0.021727404,1.167466667,17.512,5.984
125189,60.70819074,0.02,1,30,105.9251545,4,2,0,0,8.995,6,34.36828685,1.82,43.24,0.00566123,0.599666667,17.99,20.4152
126808,19.58852384,0.02,3,24,116.9915532,8,3,0,0,7.885,4.75,34.75142502,1.04,13.26,0.008424754,0.985625,23.655,6.968
126826,13.40908054,0.02,3,72,60.5702509,15,3,5,0,10.071,8,650.572893,10.85,2.8,0.006927906,0.419625,30.213,5.6672
126827,13.40908054,0.02,3,72,61.58148039,15,3,5,0,10.071,8,650.572893,10.85,38.44,0.006814143,0.419625,30.213,27.404
127303,17.86367785,0.02,3,18,371.2199449,4,2,0,0,7.616,4,16.13625148,2.99,46.02,0.002279571,0.846222222,15.232,23.192
127394,35.13677846,0.16424298,3,15,241.7150562,25,5,0,0,9.685,3,28.43682298,2.99,31.98,0.013355946,3.228333333,48.425,17.576
127409,42.57540497,0.070043,1,90,128.4925026,15,3,0,0,9.645,12,1204.061312,3.9,61.56,0.002502092,0.3215,28.935,30.7848
127422,10.25781428,0.08272802,3,18,45.93365301,15,3,0,0,9.465,4,32.81814057,0,1.12,0.034343012,1.5775,28.395,0.672
127433,26.23043577,0.02,1,15,16.26752652,23,5,0,0,9.465,2.5,5.412666007,1.04,23.92,0.193944666,3.155,47.325,11.3552
127434,49.23112024,0.02644702,1,48,234.4309162,22,5,0,0,9.465,5.5,138.4048192,2.6,26.68,0.004205663,0.9859375,47.325,15.3416
127454,10.38101757,0.02,3,48,19.06587873,15,3,5,0,9.477,10,220.6577945,13.125,3.36,0.031066625,0.5923125,28.431,6.8376
127455,8.379648642,0.01571191,3,48,25.45838868,15,3,5,0,9.477,10,195.5774443,13.125,3.36,0.023265907,0.5923125,28.431,6.8376
127456,8.379648642,0.01002141,3,48,19.95726336,15,3,5,0,9.477,10,156.1955622,13.125,3.36,0.029679044,0.5923125,28.431,6.8376
127515,32.99566507,0.05382791,3,24,182.0616707,15,3,0,0,10.33,5.5,57.01135708,1.04,6.24,0.007092377,1.29125,30.99,4.16
127554,57.86915355,0.03427729,1,36,95.92239272,15,3,7,0,9.361,3,73.1637767,5.25,3.92,0.008132442,0.780083333,28.083,4.452
128126,23.61305042,0.03316577,1,48,30.15156957,8,3,0,0,9.172,9,154.9915005,14.9175,6.72,0.019012277,0.57325,27.516,11.07
128127,23.29545973,0.02,1,48,52.62329065,8,3,0,0,9.172,9,120.358797,16.38,70.56,0.010893465,0.57325,27.516,48.888
128140,27.12582706,0.02991219,3,48,130.3816109,15,3,7,0,9.703,6,269.8537022,13.125,25.07,0.00465125,0.6064375,29.109,19.8942
130011,35.73351586,0.00945215,3,15,148.1143322,4,2,5,0,10.192,3,6.821862614,7.015,39,0.009174894,1.358933333,20.384,23.128
134403,68.75199635,0.02,1,36,67.14851018,18,3,0,0,7.771,6,55.8866238,29.9,25.62,0.009644046,0.647583333,23.313,29.4056
135836,41.66643851,0.02,3,18,19.26480356,8,3,7,0,9.822,1,16.13625148,17.595,1.12,0.084973615,1.637,29.466,5.46
135851,11.56924481,0.02,3,54,65.56247188,22,5,0,0,9.687,7,302.082801,9.23,2.8,0.01368076,0.896944444,48.435,5.4944
135953,36.65617157,0.02975198,3,24,196.1612193,15,3,0,0,9.646,3.5,42.38532883,1.04,17.28,0.00614673,1.20575,28.938,8.4224
136240,46.52897559,0.02,2,48,97.39032571,3,2,0,0,9.575,10,294.2103927,3.12,35.64,0.004096488,0.398958333,19.15,18.4992
136241,46.52897559,0.00263002,2,48,76.04505659,3,2,0,0,9.575,10,106.6897107,3.12,5.28,0.005246341,0.398958333,19.15,4.416
137275,11.37223363,0.02112637,3,24,23.66719848,5,2,0,0,7.553,4.8,35.71659596,9.75,1.12,0.026594473,0.629416667,15.106,4.0176
137276,67.1011864,0.02,1,30,17.51698172,5,2,0,0,7.553,4,34.36828685,3.77,3.92,0.028745439,0.503533333,15.106,4.4
137277,11.37223363,0.06475168,1,30,62.70106498,5,2,0,0,7.553,4.4,61.8398471,22.1,3.92,0.008030698,0.503533333,15.106,9.5504
137285,11.37223363,0.04193872,3,24,144.49654,5,2,0,0,7.574,3.5,50.3228473,1.04,1.12,0.00436804,0.631166667,15.148,1.088
137481,22.81359799,0.02,3,54,16.15923524,15,3,0,0,7.851,7.5,302.082801,0,2.8,0.026991789,0.436166667,23.553,3.3936
137482,22.81359799,0.02,3,54,22.39164975,15,3,0,0,7.851,7.5,302.082801,0,2.8,0.019478988,0.436166667,23.553,3.1416
137485,20.70819074,0.02,3,60,62.91617428,15,3,0,0,7.741,8,400.0792012,0,32.66,0.006151836,0.38705,23.223,19.596
137486,20.70819074,0.02,3,60,66.81504273,15,3,0,0,7.741,8,400.0792012,0,21.3,0.005792857,0.38705,23.223,12.78
137506,17.83070956,0.02,3,72,113.2403767,11,4,7,0,7.702,10,650.572893,18.375,3.36,0.003778589,0.427888889,30.808,8.0808
137511,25.94296144,0.02,3,72,84.25373537,8,3,0,0,8.691,7.7,650.572893,0,32.66,0.004298029,0.362125,26.073,19.596
137513,26.1455624,0.02,3,60,33.43201215,15,3,0,0,9.017,7,400.0792012,8.06,2.8,0.013485578,0.45085,27.051,5.0048
137514,15.19963495,0.02,1,60,111.1367626,15,3,0,0,9.017,7,218.2250188,7.28,22.04,0.004056713,0.45085,27.051,20.2184
137529,13.90463153,0.02,3,72,157.2672641,3,2,0,0,7.067,7.75,650.572893,0,38.34,0.001248229,0.196305556,14.134,23.004
137774,30.75884098,0.02,1,60,56.79897406,21,5,0,0,8.089,8,218.2250188,8.06,42.16,0.011867879,0.674083333,40.445,28.52
137775,30.75884098,0.02,1,60,66.16118449,21,5,0,0,8.089,8,218.2250188,8.06,32.24,0.010188502,0.674083333,40.445,22.568
137776,30.75884098,0.02,1,60,65.74773724,21,5,5,0,8.089,8,218.2250188,18.91,5.6,0.010252571,0.674083333,40.445,10.672
137794,16.46178417,0.02,1,66,79.10593596,23,5,0,0,10.141,9,281.3746925,0,27.54,0.009711756,0.768257576,50.705,20.9304
137795,15.21058636,0.02,1,72,199.8300145,23,5,0,0,10.141,8,354.8579417,12.3825,36.5,0.003524176,0.704236111,50.705,32.0694
137810,22.73420032,0.05770359,1,72,75.03865793,3,2,0,0,11.483,9,602.7551753,0,44.88,0.004250772,0.318972222,22.966,26.928
137817,19.74172941,0.02,3,60,105.9462758,15,3,0,0,10.175,13,400.0792012,4.745,26.6,0.004801962,0.50875,30.525,17.6528
137818,17.74309833,0.02,3,60,248.7570124,15,3,0,0,10.175,14,400.0792012,9.425,23.56,0.002045168,0.50875,30.525,21.9632
137820,17.29146703,0.07306208,1,42,16.64222814,3,2,0,0,11.419,8,161.1252724,3.77,42.56,0.032673624,0.543761905,22.838,22.9616
138642,73.64453571,0.05953652,1,72,32.84222181,4,2,7,10,8.583,5,612.2534686,38.695,42.6,0.007259456,0.238416667,17.166,41.038
141197,12.11955282,0.02480484,3,54,221.7306551,15,3,0,0,7.775,9.85,336.4179939,0,23.1,0.001948059,0.431944444,23.325,19.908
143384,52.19347479,0.04088225,3,15,26.90653965,4,2,7,0,7.406,8.5,14.18747343,7.3125,6.51,0.036699876,0.987466667,14.812,8.3538
143394,57.34610997,0.00647608,3,54,61.76579102,5,2,0,0,7.469,7.5,171.8965278,0,33.48,0.004478687,0.27662963,14.938,20.088
143575,58.53171344,0.04498372,3,15,215.7004806,4,2,0,0,7.387,4.3,14.88213878,1.04,27.52,0.004566208,0.984933333,14.774,12.7232
145777,30.52612366,0.02,1,84,45.81687707,7,3,0,0,8.627,11,535.2778857,0,74.52,0.006724752,0.308107143,25.881,44.712
147280,37.87725302,0.07309656,1,48,53.35408608,18,3,0,0,8.756,5.2,230.0971874,9.425,27.74,0.010256946,0.54725,26.268,25.8572
147281,48.87394479,0.02,2,48,40.14834409,18,3,0,0,8.756,5.7,294.2103927,9.425,4.4,0.013630699,0.54725,26.268,7.544
147282,37.87599817,0.03299538,2,48,39.39945961,14,3,0,0,8.756,5.85,377.8936368,9.425,4.4,0.013889784,0.54725,26.268,7.544
147286,43.8758841,0.16413279,3,48,38.99281871,12,3,0,0,8.756,8.4,632.123522,10.92,6.72,0.014034636,0.54725,26.268,8.4864
147593,37.87725302,0.02,1,48,61.34288048,12,3,0,0,8.756,6.55,120.358797,9.425,36.5,0.008921166,0.54725,26.268,33.1868
150868,10.81918777,0.02,3,24,8.376090257,4,2,0,0,7.634,4.2,34.75142502,2.99,39,0.075950312,0.636166667,15.268,20.384
151976,67.6979238,0.05716641,3,48,26.23918685,5,2,0,0,7.676,7.5,373.0566063,4.55,55.38,0.012189148,0.319833333,15.352,29.432
152192,48.76842345,0.00953786,1,54,241.1441225,18,3,0,0,7.553,7,113.7876265,2.6,26.68,0.001740084,0.419611111,22.659,15.3416
152193,48.76842345,0.01151235,1,54,269.2761267,18,3,0,0,7.553,9,125.0119586,5.07,32.64,0.001558293,0.419611111,22.659,20.424
152194,48.76842345,0.01643857,1,54,249.4133556,18,3,0,0,7.553,10.5,149.3831402,5.07,36.48,0.001682392,0.419611111,22.659,22.5552
152325,31.76637007,0.03103529,1,54,380.2122975,4,2,0,0,7.553,11.7,205.2567608,5.07,44.16,0.000735749,0.279740741,15.106,26.8176
152339,10.05795117,0.0190832,3,18,231.6395638,18,3,0,0,8.277,6,15.76207018,1.04,17.7,0.005955373,1.3795,24.831,8.9552
152667,91.42687657,0.06513306,3,18,84.44252781,5,2,0,0,7.673,2.05,29.11980061,0,21.07,0.010096282,0.852555556,15.346,16.3572
152865,9.028633356,0.08572733,3,48,66.48987955,15,3,0,0,9.477,7,456.8397909,0,24.38,0.008908311,0.5923125,28.431,10.9848
156524,30.63563769,0.02,3,48,21.38371776,7,3,0,0,7.907,6.5,220.6577945,2.6,12.65,0.023110457,0.4941875,23.721,8.036
162420,40.62057951,0.02,1,12,35.25245003,2,2,0,0,9.629,5.2,2.985276265,2.6,12.32,0.045524023,1.604833333,19.258,7.568
162593,2.471366644,0.02,3,24,136.4974112,8,3,0,0,9.403,5,34.75142502,0,13.26,0.008610969,1.175375,28.209,6.2712
163025,45.66096281,0.03768701,3,15,68.98929739,3,2,0,0,9.658,2,13.62176889,4.16,1.12,0.018665697,1.287733333,19.316,2.336
163167,8.491900525,0.02,3,18,42.72062127,11,4,0,0,7.939,1.2,16.13625148,1.04,1.76,0.041296736,1.764222222,31.756,1.472
163216,39.92254164,0.02,1,72,58.16375059,15,3,5,0,9.609,10,354.8579417,27.75,40.8,0.006883583,0.400375,28.827,36.696
163592,6.654802647,0.03793889,3,54,117.0302956,8,3,0,0,7.174,8.3,416.0574586,0,38.64,0.003405576,0.398555556,21.522,23.184
163593,6.654802647,0.0016228,3,60,67.78368854,8,3,0,0,7.174,6.4,113.9628958,0,2.8,0.005291834,0.3587,21.522,3.3936
184842,1.737622633,0.02,3,48,57.28988886,4,2,0,0,9.812,5,220.6577945,6.825,2.8,0.007136221,0.408833333,19.624,4.212
185415,38.20590919,0.02,3,30,37.01463428,4,2,5,0,8.085,4.5,63.0085259,7.015,53.04,0.014561808,0.539,16.17,29.5
195296,57.7103582,0.02,3,30,125.1227558,5,2,0,0,8.039,3.6,63.0085259,3.77,40.42,0.00428326,0.535933333,16.078,22.6064
200291,15.09297285,0.02,3,24,13.46577216,4,2,0,0,9.767,4,34.75142502,2.99,15,0.060443371,0.813916667,19.534,9.0944
202727,1.737622633,0.0098,3,48,102.7578643,4,2,0,0,9.812,5,154.4604562,6.825,2.8,0.003978609,0.408833333,19.624,4.212
166,23.15582934,0.01263247,3,15,47.49665897,2,2,0,0,9.067,3.5,7.886454538,6.5,19,0.025453018,1.208933333,18.134,14
445,38.16746521,0.04316632,3,12,23.16620955,2,2,0,0,7.596,10,8.040507807,9.75,3.36,0.05464856,1.266,15.192,6.0384
6831,22.90394707,0.02,3,24,151.4405475,19,3,0,0,9.377,6,34.75142502,11.18,31,0.007739836,1.172125,28.131,27.3056
6832,63.42140087,0.02,3,12,19.17191935,2,2,0,0,9.067,6.7,5.473006486,11.18,31,0.078821877,1.511166667,18.134,27.3056
7201,13.67191421,0.01143309,3,15,87.53088991,12,3,0,0,10.98,7.2,7.502732758,6.11,17.86,0.025088286,2.196,32.94,13.16
7491,21.06148757,0.0022696,3,15,30.84241784,12,3,0,0,10.185,2.4,3.342814888,1.04,1.76,0.066045406,2.037,30.555,1.472
8069,36.01289071,0.02,3,18,239.0348056,2,2,0,0,8.927,0.1,16.13625148,2.99,1.12,0.004149558,0.991888889,17.854,1.904
9999,18.41387178,0.02,3,30,89.43449012,22,5,0,0,8.081,9.5,63.0085259,10.53,4.2,0.01505944,1.346833333,40.405,6.8544
12129,15.74172941,0.02,3,15,75.00134615,3,2,0,0,9.311,8.5,9.923221013,0,29.16,0.016552592,1.241466667,18.622,20.9952
12676,17.05863564,0.02,3,24,275.9867687,12,3,0,0,7.966,4.7,34.75142502,1.82,9.02,0.003607963,0.99575,23.898,5.5568
12813,17.4501483,0.00384379,3,60,26.0159604,17,2,0,0,8.411,5,175.3924129,1.82,25.08,0.010776718,0.280366667,16.822,12.7232
13154,34.76705453,0.00728016,3,24,96.15172703,3,2,0,0,8.612,0,20.96660349,1.82,12.42,0.007463898,0.717666667,17.224,7.2944
14154,16.30025097,0.02,3,15,49.64518704,12,3,0,0,11.378,9.2,9.923221013,10.92,5.28,0.045837273,2.2756,34.134,8.832
14920,20.78222679,0.01576114,1,15,126.8943791,2,2,0,0,9.146,6.5,4.804962969,7.085,19.71,0.009610092,1.219466667,18.292,16.4312
20237,23.10654803,0.02,3,18,92.16955732,22,5,0,0,8.411,8,16.13625148,8.06,21.7,0.025348813,2.336388889,42.055,19.4192
20239,22.10723249,0.02,2,15,90.05197695,4,2,0,0,7.569,8.2,13.23096135,8.58,21.06,0.011206861,1.0092,15.138,18.7248
20324,19.80196213,0.02602283,3,15,34.5850127,21,5,0,0,9.879,5.5,11.31917902,9.425,11.02,0.095214653,3.293,49.395,12.992
20325,59.29545973,0.02,2,12,19.5704274,2,2,0,0,7.304,6.3,7.297341982,9.425,4.4,0.062202695,1.217333333,14.608,7.544
21401,10.81371207,0.02,1,48,449.7525677,8,3,0,0,7.216,2,120.358797,2.795,3.08,0.001002774,0.451,21.648,3.128
22217,13.95117499,0.07798094,3,24,33.34147922,4,2,0,0,7.486,4.6,68.62018003,3.38,31.86,0.018710428,0.623833333,14.972,17.2208
22273,23.24344057,0.02,3,24,89.83999147,3,2,0,0,10.721,4.2,34.75142502,3.38,22.42,0.009944532,0.893416667,21.442,12.824
23527,37.99771846,0.02,3,18,31.23155189,18,3,7,10,7.216,2.1,16.13625148,7.44,1.76,0.038508066,1.202666667,21.648,3.564
25425,17.77059092,0.02,2,12,158.2392289,18,3,0,0,7.724,7,7.297341982,1.82,21.62,0.012203042,1.931,23.172,11.9504
27371,41.30778006,0.02,3,15,301.4050335,6,3,5,0,9.843,6,9.923221013,19.3675,11.02,0.00653141,1.9686,29.529,14.98
27372,18.3070956,0.02,2,24,17.4527189,18,3,5,0,7.604,6,46.33523335,14.335,11.02,0.054461428,0.9505,22.812,12.67
27397,30.42767511,0.02,3,24,229.826992,3,2,0,0,8.469,8.6,34.75142502,2.34,23.22,0.003070788,0.70575,16.938,13.2912
33957,19.76637007,0.02,1,84,11.97130831,10,4,0,0,7.939,6.7,535.2778857,2.6,24.94,0.031579474,0.378047619,31.756,14.4272
35243,59.95254392,0.02,3,18,60.95069508,2,2,0,0,7.604,2.6,16.13625148,0,0,0.013861842,0.844888889,15.208,0
37678,35.43509012,0.01274256,3,24,39.23858576,2,2,0,0,7.463,6.4,27.73869107,4.55,55.38,0.01584962,0.621916667,14.926,29.432
37820,27.94433037,0.02,3,30,96.62432383,22,5,0,0,8.307,8.49,63.0085259,9.75,5.28,0.01432869,1.3845,41.535,8.1696
37827,54.94227698,0.00429552,3,15,23.28005657,2,2,0,0,7.183,5.9,4.598810763,8.06,4.4,0.041139648,0.957733333,14.366,6.7712
38249,32.28929957,0.00556313,3,15,53.92646726,22,5,0,0,8.623,5,5.233560762,3.77,24.7,0.053300976,2.874333333,43.115,14.168
38250,22.78348163,0.02,3,48,86.02846693,2,2,0,0,7.508,3.6,220.6577945,3.77,24.7,0.003636393,0.312833333,15.016,14.168
39565,23.82386493,0.02,3,15,21.59909345,2,2,0,0,10.314,3.1,9.923221013,35.36,1.76,0.063669339,1.3752,20.628,10.88
40396,19.80743783,0.02,3,15,89.36976856,11,4,0,0,8.175,7.2,9.923221013,4.55,2.8,0.024393036,2.18,32.7,3.536
40397,24.31394022,0.02,3,15,49.81236796,11,4,0,0,8.114,6.4,9.923221013,4.55,2.8,0.043437673,2.163733333,32.456,3.536
40870,18.64111339,0.01012816,3,15,167.8487881,12,3,0,0,8.01,3.1,7.061597228,7.67,1.76,0.009544305,1.602,24.03,5.2256
41119,21.51585672,0.02,3,36,107.955141,13,3,0,0,6.88,11,102.4588103,4.29,37.2,0.005310848,0.573333333,20.64,20.8608
41120,20.34679443,0.02,3,15,80.15311531,22,5,0,0,6.848,12,9.923221013,4.29,32.4,0.028478827,2.282666667,34.24,18.4992
43789,61.72119553,0.02,3,12,47.55948238,18,3,0,0,7.456,8.5,5.473006486,2.34,22.8,0.039193025,1.864,22.368,12.096
46169,25.51311887,0.00398096,3,15,50.23909294,2,2,0,0,9.429,5,4.427224787,3.77,40.42,0.025024337,1.2572,18.858,22.6064
46387,37.51311887,0.0689715,1,30,144.9874309,24,5,0,0,9.545,5,63.82307465,3.77,3.08,0.010972215,1.590833333,47.725,3.68
46391,37.95402692,0.02,1,36,51.16357456,2,2,0,0,7.306,4.5,55.8866238,3.77,3.08,0.007933161,0.405888889,14.612,3.68
46496,20.35500799,0.02717294,3,15,55.20198398,1,2,10,0,7.315,1.4,11.56660704,7.44,1.12,0.017668447,0.975333333,14.63,3.036
46912,23.13677846,0.02,2,15,22.07122353,15,3,0,0,10.687,3.5,13.23096135,29.12,3.08,0.096841029,2.1374,32.061,10.472
47170,12.99840292,0.02131673,3,48,252.3839014,18,3,0,0,8.234,9,227.80569,5.07,45.36,0.002039056,0.514625,24.702,24.816
47172,19.72541638,0.02907805,3,24,68.78041031,2,2,0,0,9.317,12,41.90253134,3.9,6.6,0.01128834,0.776416667,18.634,5.52
48536,63.32557609,0.10386405,3,30,29.26903104,18,3,0,0,8.234,2.6,143.5876038,35.36,1.76,0.028132124,0.8234,24.702,10.88
48539,65.82249601,0.03288126,3,15,295.0008454,4,2,0,0,9.884,2,12.72365521,35.36,1.76,0.004467332,1.317866667,19.768,10.88
48948,12.89721652,0.00760579,3,24,80.20203319,18,3,0,0,7.688,5.2,21.43037572,4.55,33.48,0.01198224,0.961,23.064,19.2512
48949,36.96292494,0.02,3,15,101.6922064,2,2,0,0,7.383,5.5,9.923221013,4.55,45.58,0.009680191,0.9844,14.766,26.0144
48950,6.88489619,0.02,3,48,290.1352854,23,5,0,0,10.314,5.5,220.6577945,4.55,7.7,0.003703014,1.074375,51.57,6.44
49350,32.3933379,0.00877491,3,24,72.93515092,5,2,0,0,7.93,4.2,23.01860262,0,1.76,0.00906056,0.660833333,15.86,1.056
52100,27.44889345,0.05939748,3,30,21.88644908,10,4,0,0,10.959,2,108.5846239,25.9,6.38,0.066762772,1.4612,43.836,12.784
52356,12.49463838,0.02,3,15,38.1390218,10,4,0,0,10.853,4,9.923221013,6.5,1.76,0.075883785,2.894133333,43.412,4.5632
54935,19.12023728,0.02,3,15,37.9930199,2,2,5,10,8.581,3.5,9.923221013,16.8,4.4,0.030114304,1.144133333,17.162,8.424
55185,41.98129135,0.0724524,3,15,20.70331383,2,2,0,0,7.444,8,18.88704671,8.45,3.08,0.047940795,0.992533333,14.888,6.3296
55186,7.394022359,0.02,3,30,21.85565052,2,2,0,0,8.581,8.3,63.0085259,8.97,3.96,0.026174772,0.572066667,17.162,7.0656
56258,56.51380333,0.02,3,30,276.6661886,18,3,0,0,7.183,8,63.0085259,3.77,30.24,0.00259627,0.7183,21.549,16.9952
57629,12.68628793,0.00368515,3,30,135.6795089,2,2,0,0,9.563,5.5,27.04655194,1.82,51.8,0.004698818,0.637533333,19.126,23.6
58088,42.28256902,0.05396779,3,18,25.74391073,25,5,0,0,9.079,7.6,26.50665789,8.06,43.4,0.097962756,2.521944444,45.395,29.264
58342,10.23317363,0.02372539,3,24,16.85957633,2,2,0,0,9.563,3.2,37.84986198,6.5,1.76,0.047267894,0.796916667,19.126,4.5632
58343,10.23317363,0.02,3,24,94.27601252,2,2,0,0,9.563,4.3,34.75142502,6.5,1.76,0.008453016,0.796916667,19.126,4.5632
63783,17.36801278,0.02,3,36,34.58698681,20,3,0,0,10.069,2.9,102.4588103,1.04,39,0.024260088,0.839083333,30.207,17.264
64729,17.66370066,0.02,3,15,36.48487617,12,3,0,0,10.976,3.5,9.923221013,6.5,1.12,0.060167396,2.1952,32.928,3.3728
64730,17.66370066,0.02,3,15,78.35577658,12,3,0,0,10.976,3.5,9.923221013,6.5,4.48,0.028015803,2.1952,32.928,5.3312
64731,17.66370066,0.02,3,15,291.0607931,12,3,0,0,10.976,4,9.923221013,6.5,5.74,0.007542067,2.1952,32.928,6.0656
64733,17.66370066,0.02,3,18,274.7119407,12,3,0,0,10.976,6.5,16.13625148,6.5,3.22,0.006659097,1.829333333,32.928,4.5968
66925,24.3933379,0.07195005,3,24,126.4765558,21,5,0,0,9.589,6.7,65.91331741,0,6.58,0.015795088,1.997708333,47.945,3.3432
68808,9.269450148,0.00681058,3,15,44.04904652,4,2,0,0,7.618,8.5,5.790681997,7.8,25.74,0.023059145,1.015733333,15.236,22.776
68814,29.94022359,0.16790921,3,15,35.13829167,5,2,5,0,7.618,3.25,28.75245454,8.3875,31.39,0.028906736,1.015733333,15.236,20.9902
69119,7.914214009,0.00244498,3,15,40.89971262,18,3,0,0,7.61,8.7,3.469567347,10.53,43.74,0.037212975,1.522,22.83,30.456
69120,7.914214009,0.05509028,3,15,54.45613631,18,3,0,0,7.61,9,16.46930059,10.53,56.7,0.0279491,1.522,22.83,38.232
69945,33.088752,0.06497844,3,24,78.48756647,23,5,0,0,9.643,3.3,62.63863143,6.5,1.76,0.02559588,2.008958333,48.215,4.5632
69946,33.088752,0.02,3,18,23.61405746,23,5,10,0,9.643,2,16.13625148,20.4,1.12,0.113432904,2.678611111,48.215,6.0168
70907,9.157198266,0.05150988,3,18,25.2376549,18,3,0,0,7.597,6.5,25.89601422,6.89,5.72,0.050169743,1.266166667,22.791,6.7712
70908,9.157198266,0.02,3,15,16.50868445,18,3,0,0,7.597,6.5,9.923221013,6.89,18.9,0.092036407,1.5194,22.791,15.8672
71319,46.5618298,0.02,3,15,130.340895,4,2,0,0,9.884,20,9.923221013,4.94,25.38,0.010110922,1.317866667,19.768,16.3184
71945,20.81496692,0.04234259,3,24,63.76508935,4,2,0,0,7.569,9.69,50.56457133,9.75,5.28,0.009891776,0.63075,15.138,8.1696
71946,20.81496692,0.0856816,3,24,71.19441879,4,2,0,0,7.569,0,71.92856632,4.55,30.8,0.008859543,0.63075,15.138,19.0688
71947,20.81496692,0.09718526,3,24,60.70889309,4,2,0,0,7.569,8.1,76.60512412,5.07,25.92,0.010389746,0.63075,15.138,16.6944
71948,20.81496692,0.17827698,3,24,25.80291927,4,2,0,0,7.569,7.6,103.7540969,6.89,4.4,0.024444908,0.63075,15.138,6.1088
71949,20.81496692,0.02057566,3,24,136.0832935,4,2,0,0,7.569,6,35.24800225,4.55,4.4,0.004635029,0.63075,15.138,4.784
72107,30.28793064,0.02271316,3,30,198.1228399,18,3,0,0,7.61,6,67.14645695,4.55,26.98,0.003841051,0.761,22.83,15.848
72497,66.34268766,0.01825393,3,12,109.5653888,18,3,7,0,7.61,1.6,5.228644989,3.7975,1.12,0.01736406,1.9025,22.83,2.002
72616,9.619895049,0.02,3,15,47.61340449,18,3,5,0,7.61,3.5,9.923221013,6.5575,18.91,0.031965788,1.522,22.83,13.2886
72775,25.61441935,0.04266679,3,15,51.56234041,18,3,0,0,7.55,10,14.49381293,3.12,35.64,0.029284939,1.51,22.65,18.4992
74360,8.609628109,0.02,3,48,110.5084299,23,5,0,0,9.002,4.5,220.6577945,1.82,10.34,0.008485401,0.937708333,45.01,6.2192
74361,8.669860826,0.01497534,3,24,46.74350927,23,5,0,0,9.093,4.5,30.07086811,1.82,9.02,0.040527017,1.894375,45.465,5.5568
74362,8.642482318,0.04434596,3,15,15.78497891,13,3,0,0,9.093,3.5,14.77626587,1.82,3.22,0.115210797,1.8186,27.279,2.6384
74373,7.845881816,0.0174912,3,36,85.75739915,14,3,0,0,8.584,8,95.81734079,2.6,28.52,0.00834136,0.715333333,25.752,14.8256
74636,15.47068218,0.02,3,15,109.9452698,10,4,0,0,7.608,0,9.923221013,1.82,16.1,0.018452818,2.0288,30.432,9.1568
74776,9.540497376,0.02,3,15,25.30800884,18,3,5,0,9.999,10,9.923221013,20.5875,3.36,0.079018465,1.9998,29.997,8.5284
74996,31.39128451,0.02,3,48,167.4843496,12,3,0,0,11.005,5,220.6577945,8.45,4.4,0.004106727,0.6878125,33.015,6.992
76103,9.398129135,0.04303586,3,18,45.3109101,4,2,0,0,7.994,13.5,23.67025294,4.16,28.7,0.019602833,0.888222222,15.988,17.6528
76104,8.396075747,0.03236909,3,42,18.53620055,12,3,0,0,9.714,7.5,196.6184773,8.06,4.4,0.037432544,0.693857143,29.142,6.7712
76483,18.52338581,0.02,3,36,68.17257136,20,3,0,0,6.858,17.5,102.4588103,3.77,17.48,0.008383137,0.5715,20.574,11.2832
76499,18.34816336,0.02,3,18,24.40886681,19,3,7,0,6.858,1.5,16.13625148,5.8125,1.12,0.046827246,1.143,20.574,2.574
77548,18.24971481,0.02,3,15,102.1456658,11,4,5,0,9.13,2,9.923221013,2.44,11.27,0.023835242,2.434666667,36.52,7.1242
77736,41.11886836,0.01319599,3,18,30.31223722,21,5,10,10,9.526,1.5,13.10716132,24,19.11,0.087295144,2.646111111,47.63,22.902
77992,8.396075747,0.10123875,3,15,192.6139918,23,5,0,0,9.874,6.9,22.32600684,4.16,25.42,0.017087717,3.291333333,49.37,15.8576
78671,19.76637007,0.02,3,15,26.80614304,8,3,0,0,7.647,7,9.923221013,4.55,53.32,0.057054086,1.5294,22.941,29.0816
78981,17.00387862,0.02,3,36,33.09903173,2,2,10,10,7.797,4.7,102.4588103,29.76,2.8,0.013086989,0.433166667,15.594,10.1568
79400,9.086014146,0.08505653,3,54,27.04083908,8,3,0,0,9.269,15,622.9666996,3.77,11.4,0.019043212,0.514944444,27.807,7.9808
82045,19.61305042,0.03813552,3,30,34.08895262,3,2,0,0,7.254,5.5,87.00599096,1.82,19.78,0.014186414,0.4836,14.508,11.0192
82538,47.16130504,0.09977644,3,15,30.06722431,4,2,0,0,9.151,7.5,22.16418,1.82,12.42,0.040580179,1.220133333,18.302,7.2944
82561,16.90269222,0.00448985,3,15,22.27240594,3,2,5,0,9.151,1.5,4.701685576,4.7275,7.35,0.054782287,1.220133333,18.302,6.3118
83180,15.77184577,0.00748258,3,18,40.09339035,3,2,10,0,10.925,2.5,9.869913357,3.84,2.24,0.030276534,1.213888889,21.85,2.88
84348,42.30983345,0.06229988,3,15,59.39016114,4,2,0,0,9.456,5.5,17.51383571,1.82,10.34,0.021229106,1.2608,18.912,6.2192
84544,13.14350901,0.0478526,3,30,68.96192243,4,2,0,0,9.458,9.5,97.46239767,3.12,17.82,0.00914321,0.630533333,18.916,11.0544
85333,8.705452886,0.03152986,3,48,31.7160998,4,2,0,0,7.895,4.2,277.0545561,0,1.76,0.010371967,0.328958333,15.79,1.056
85335,8.705452886,0.00768546,3,48,91.08111011,4,2,0,0,7.895,4.2,136.7852311,0,1.76,0.003611708,0.328958333,15.79,1.056
85343,8.705452886,0.02,3,24,24.83860332,4,2,0,0,7.895,3.7,34.75142502,0,19,0.026487668,0.657916667,15.79,7.5696
86646,78.33173625,0.02142814,3,15,42.00077383,18,3,10,0,8.474,3,10.27140619,13.485,1.12,0.040351637,1.6948,25.422,4.752
86943,26.90953685,0.02,3,15,13.79261841,4,2,0,0,9.108,0,9.923221013,2.6,45.58,0.088047096,1.2144,18.216,22.6064
86944,26.90953685,0.00454416,3,30,22.0062449,4,2,0,0,8.821,0,30.03385839,2.6,7.7,0.026722718,0.588066667,17.642,5.336
87391,26.79717089,0.01324246,3,15,302.058692,8,3,7,10,7.046,4,8.074618292,20.4,15.41,0.004665318,1.4092,21.138,17.3628
87419,27.37223363,0.02727921,3,15,69.65007723,15,3,0,0,7.069,4,11.58920275,7.67,1.76,0.020298614,1.4138,21.207,5.2256
87427,27.37223363,0.02259483,3,15,44.25786337,2,2,7,10,7.069,6,10.54732201,28.32,1.12,0.021296404,0.942533333,14.138,7.8384
87513,5.127081907,0.02,3,24,86.38876535,23,5,7,0,10.162,3,34.75142502,15.9375,2.4,0.024506466,2.117083333,50.81,7.194
87515,5.118868355,0.02,3,48,55.50790473,7,3,0,0,10.162,3,220.6577945,6.5,1.76,0.011442064,0.635125,30.486,4.5632
88681,11.82660278,0.02,3,15,322.1247159,18,3,0,0,8.927,8,9.923221013,10.4,4.4,0.005542574,1.7854,26.781,8.096
88685,11.82660278,0.0120212,3,15,191.328608,18,3,0,0,8.927,9,7.693280685,10.92,52.08,0.009331589,1.7854,26.781,35.616
89663,18.66027835,0.02,3,15,31.04656829,4,2,0,0,9.681,3,9.923221013,1.82,26.23,0.041576254,1.2908,19.362,13.5752
90358,30.40018252,0.03470622,3,15,129.6597676,11,4,0,0,10.075,6,13.07197848,8.84,3.64,0.020720897,2.686666667,40.3,5.8208
90359,30.40018252,0.03313532,3,15,162.9681105,11,4,0,0,10.075,6,12.77271586,7.865,3.64,0.016485843,2.686666667,40.3,5.4128
92627,38.94775268,0.03624177,3,18,234.5359812,12,3,0,10,10.514,4,21.7216272,9.6,20.52,0.00747149,1.752333333,31.542,15.8928
93009,23.32557609,0.08995448,3,42,20.01012165,22,5,0,0,10.362,3,327.7709667,3.77,24.7,0.061647373,1.233571429,51.81,14.168
95665,11.1968971,0.00768718,3,15,143.095398,2,2,0,0,7.369,7,6.152068913,2.6,7.6,0.006866282,0.982533333,14.738,5.6
95671,11.1968971,0.00204777,3,15,97.66739654,2,2,0,0,7.369,6.8,3.175252411,2.6,11.02,0.010059993,0.982533333,14.738,7.112
96068,7.569244809,0.01673587,3,36,59.75191447,13,3,0,0,8.291,4,93.72564931,3.77,1.96,0.011563088,0.690916667,24.873,2.72
96107,29.38170203,0.00144694,3,24,117.4897247,13,3,0,0,8.509,4,9.347228973,1.04,1.76,0.009052919,1.063625,25.527,1.472
97297,32.80401551,0.00457579,3,12,65.56242151,2,2,10,0,10.192,0,2.617845474,7.44,9.61,0.025909151,1.698666667,20.384,8.742
97526,18.29614419,0.00405267,3,24,246.750953,12,3,0,0,8.856,2.5,15.6432952,6.5,19,0.004486305,1.107,26.568,14
97527,18.29614419,0.03138511,3,24,25.48979774,12,3,0,0,8.856,2,43.53308529,6.5,19,0.04342914,1.107,26.568,14
98662,61.34884782,0.04680711,3,24,209.3700139,4,2,0,0,9.315,8,53.1634962,4.55,4.4,0.003707551,0.77625,18.63,4.784
98663,61.34884782,0.07916301,3,18,27.79094566,3,2,0,0,9.315,13.5,32.10323555,4.94,40.42,0.037242345,1.035,18.63,24.6512
98664,61.34884782,0.06426333,3,18,115.151302,4,2,0,0,9.315,14.65,28.92472702,4.94,25.38,0.008988175,1.035,18.63,16.3184
98761,65.77332877,0.02,3,18,106.0247814,4,2,0,0,9.779,7.5,16.13625148,5.33,9.52,0.010248128,1.086555556,19.558,7.7792
99849,10.40851015,0.02,3,18,23.23298417,8,3,0,0,9.454,6,16.13625148,3.77,21.28,0.067820244,1.575666667,28.362,12.656
99850,13.90200776,0.02,3,15,137.6818828,8,3,0,0,9.454,6.3,9.923221013,4.55,23.56,0.013733107,1.8908,28.362,14.336
99855,65.90200776,0.02,3,12,39.78358027,4,2,0,0,9.454,11.2,5.473006486,4.29,9.24,0.039605954,1.575666667,18.908,7.0656
101171,12.96554871,0.02,3,30,154.462088,2,2,0,0,8.312,4,63.0085259,6.5,1.76,0.003587504,0.554133333,16.624,4.5632
101172,12.96554871,0.02,3,18,23.78759011,2,2,0,0,8.312,3,16.13625148,6.5,1.76,0.0388251,0.923555556,16.624,4.5632
102163,63.16951859,0.05317153,3,18,50.77905706,4,2,0,0,7.381,7.5,26.3103869,8.06,43.4,0.016150578,0.820111111,14.762,29.264
102510,9.874515172,0.02806049,3,15,28.50962324,9,3,7,0,9.471,3.5,11.75398932,5.8125,18.62,0.066440724,1.8942,28.413,12.6654
102511,9.874515172,0.01023946,3,24,78.12921101,9,3,10,0,9.471,3,24.86543991,7.44,22.54,0.015152783,1.183875,28.413,15.5496
102512,9.874515172,0.02,3,24,27.5098049,4,2,10,0,9.471,3,34.75142502,7.44,22.54,0.028689771,0.78925,18.942,15.5496
102513,9.874515172,0.03397977,3,18,105.9454247,4,2,10,0,9.471,3,21.03283783,7.44,22.54,0.009932787,1.052333333,18.942,15.5496
102514,42.94501483,0.02,3,15,52.04868345,4,2,5,0,9.471,3,9.923221013,4.7275,22.54,0.024261901,1.2628,18.942,14.0866
102515,46.94501483,0.01869727,3,18,208.586296,4,2,7,0,9.471,3.5,15.60187362,5.8125,2.24,0.005045074,1.052333333,18.942,3.498
102846,46.3893452,0.03450472,3,15,156.5003224,4,2,7,10,8.331,1.3,13.03397609,20.65,1.12,0.007097749,1.1108,16.662,6.3616
103042,58.63563769,0.02,3,60,200.3839051,15,3,0,0,8.507,6.3,400.0792012,0,3.08,0.002122675,0.42535,25.521,4.0656
103044,54.1400867,0.02,1,48,24.2611529,14,3,0,0,8.507,7.3,120.358797,0,3.08,0.021915179,0.5316875,25.521,4.0656
103186,14.61921059,0.02,3,15,51.91926894,18,3,0,0,8.27,7.5,9.923221013,8.06,4.4,0.031857151,1.654,24.81,6.7712
103187,14.61921059,0.01260569,3,15,79.32923845,18,3,0,0,8.27,7.5,7.878090722,8.06,4.4,0.020849816,1.654,24.81,6.7712
103640,12.51106548,0.02,3,15,25.69634696,14,3,0,0,8.352,7,9.923221013,8.06,4.4,0.065005349,1.6704,25.056,6.7712
103641,58.20031942,0.02,3,15,110.4468301,14,3,0,0,8.352,7,9.923221013,8.06,4.4,0.015124019,1.6704,25.056,6.7712
103819,16.69723933,0.02,3,24,196.6897481,5,2,0,0,8.21,3.4,34.75142502,6.5,1.76,0.003478405,0.684166667,16.42,4.5632
103820,16.52749258,0.02,3,24,417.2623429,5,2,0,0,8.291,6.2,34.75142502,7.28,3.08,0.001655833,0.690916667,16.582,5.6672
105373,62.11556012,0.015279,3,15,65.44954544,5,2,0,0,7.875,3.5,8.673315246,4.55,3.08,0.016042892,1.05,15.75,4.1216
105374,62.11556012,0.02369743,2,12,80.17747941,5,2,0,0,7.875,3.5,7.943288313,4.55,1.96,0.016369933,1.3125,15.75,3.0464
105947,17.8005932,0.05537787,3,30,108.3465205,4,2,0,0,9.639,11,104.8461398,2.34,23.22,0.00593097,0.6426,19.278,13.2912
106151,17.87725302,0.06035412,3,15,43.50327863,8,3,0,0,10.119,5,17.23816873,1.04,8.74,0.046520632,2.0238,30.357,4.76
106162,39.63769108,0.01341402,3,15,74.5488786,4,2,5,10,10.119,5,8.126754514,27.25,43,0.018098193,1.3492,20.238,36.7
106166,17.87725302,0.0333164,1,36,36.01829268,8,3,7,10,10.119,4,72.13099283,27.25,27.52,0.023411715,0.84325,30.357,28.7728
106168,17.87725302,0.02754433,1,36,72.61021367,8,3,5,10,10.119,7,65.58567349,27.25,17.28,0.01161338,0.84325,30.357,21.2464
107719,8.198950491,0.00479447,3,30,166.8584376,13,3,0,0,7.994,7,30.84996135,2.6,13.34,0.004790887,0.7994,23.982,8.3312
108045,27.2023728,0.022107,3,24,61.06689093,4,2,5,0,9.361,5.5,36.53612847,18.91,11.02,0.012774243,0.780083333,18.722,14.77
108061,56.30846452,0.02,3,15,154.7501194,15,3,5,0,9.373,7,9.923221013,14.335,11.02,0.012113722,1.8746,28.119,12.67
108186,12.71640429,0.01238019,3,18,72.69676028,4,2,0,0,8.67,5,12.69554388,1.82,1.96,0.013251393,0.963333333,17.34,1.904
109554,32.95744924,0.03220348,3,24,431.6303729,5,2,0,0,7.542,2.5,44.09699778,5.33,10.58,0.001456107,0.6285,15.084,9.9056
109699,54.61384896,0.02170406,3,36,100.7353367,4,2,0,0,8.432,5,106.7344955,2.99,27,0.004650249,0.468444444,16.864,14.7392
109923,48.65617157,0.02080504,3,15,192.2610445,18,3,0,0,8.162,3.5,10.12096549,30.68,1.76,0.00849054,1.6324,24.486,9.656
109961,14.92596395,0.02912959,3,15,30.89624213,18,3,0,0,8.081,4,11.97580876,3.38,35,0.052310569,1.6162,24.243,19.0688
109996,14.38923112,0.00628737,1,48,119.2825566,3,2,0,0,8.162,5,67.48346127,36.92,2.8,0.002851073,0.340083333,16.324,11.7968
110168,5.699406799,0.06461273,3,15,26.31043573,9,3,0,0,8.737,4.4,17.83596913,2.99,22.42,0.066414712,1.7474,26.211,12.488
110191,18.12651152,0.0555745,3,15,14.39509962,7,3,0,0,8.824,6,16.5415213,2.6,4.4,0.122597276,1.7648,26.472,3.68
111595,17.91569701,0.02,3,15,48.09012464,4,2,0,0,9.697,2,9.923221013,1.04,31.86,0.026885631,1.292933333,19.394,14.5136
111861,25.45836185,0.04633711,3,15,28.05526588,2,2,0,0,9.44,1.9,15.1043534,0,11,0.04486383,1.258666667,18.88,4.3824
111862,47.23796486,0.02,3,18,104.831519,2,2,0,0,9.44,2.6,16.13625148,1.04,27,0.010005473,1.048888889,18.88,12.4832
111863,47.23796486,0.02428878,3,15,74.10829022,2,2,0,0,9.44,2.7,10.93554714,0,35,0.016984155,1.258666667,18.88,13.944
112010,8.355007985,0.02,3,24,38.11492506,2,2,0,0,7.431,7,34.75142502,8.84,23,0.016246916,0.61925,14.862,18.7616
112011,50.48231805,0.02,3,15,160.4152571,4,2,0,0,9.697,7,9.923221013,7.28,30.24,0.008059915,1.292933333,19.394,21.056
112012,37.48026466,0.00409066,3,18,24.4459464,4,2,0,0,9.576,7,7.297672137,7.28,30.24,0.043524598,1.064,19.152,21.056
112228,14.85466575,0.02,3,24,63.74769633,3,2,0,0,7.875,4.5,34.75142502,7.28,3.08,0.01029449,0.65625,15.75,5.6672
112229,14.85466575,0.00991337,3,18,131.1360529,3,2,0,0,7.875,3.4,11.3605227,6.11,3.08,0.006672459,0.875,15.75,5.0048
114492,5.220282911,0.02,3,15,43.68292658,22,5,0,0,9.093,2,9.923221013,6.5,15.58,0.069386377,3.031,45.465,12.488
115598,71.32831394,0.01558054,3,15,32.09070918,4,2,0,0,8.878,5.1,8.758483562,1.82,12.32,0.036887104,1.183733333,17.756,7.2128
115629,63.36116815,0.0662513,2,15,128.4505029,4,2,0,0,9.2,8,24.08094941,9.035,21.7,0.009549723,1.226666667,18.4,20.6912
115649,30.64396532,0.01457204,3,24,8.234497702,4,2,0,0,9.156,2.7,29.66318617,1.04,11,0.092658961,0.763,18.312,6.1088
116793,19.90873831,0.00905251,3,18,121.5132192,4,2,0,0,7.315,7.5,10.85605819,10.4,2.8,0.006688801,0.812777778,14.63,5.984
116857,35.0792836,0.02203732,3,15,145.2082484,18,3,0,0,7.377,4.5,10.41638577,1.04,1.12,0.01016058,1.4754,22.131,1.088
116858,35.0792836,0.00850293,3,15,82.32470431,18,3,0,0,7.377,6,6.47026351,1.04,1.76,0.017921716,1.4754,22.131,1.472
119220,61.37896418,0.02305102,3,15,27.76451981,4,2,0,0,8.277,5.7,10.65326524,9.425,4.4,0.039748571,1.1036,16.554,7.544
122478,30.92048825,0.13381689,3,18,10.0136834,4,2,0,0,8.529,4.3,41.739104,4.55,43.4,0.094637171,0.947666667,17.058,24.1664
123475,11.1749943,0.01971334,3,15,25.36353293,15,3,0,0,8.302,6.9,9.851849585,7.28,3.08,0.065464066,1.6604,24.906,5.6672
123582,10.57814282,0.00566749,3,30,70.57792509,13,3,0,0,8.316,8.4,33.54128545,10.92,5.28,0.011782721,0.8316,24.948,8.832
128136,11.23522701,0.02,2,15,107.8784868,19,3,0,0,9.571,4,13.23096135,3.77,27.26,0.017744038,1.9142,28.713,17.864
128200,7.695185946,0.02264473,3,24,149.2621128,12,3,0,0,8.549,4.5,36.97781059,1.04,27,0.007159385,1.068625,25.647,12.4832
132085,39.44604152,0.00975517,3,15,41.00389943,4,2,5,0,10.006,7,6.930348712,21.655,20.14,0.032536743,1.334133333,20.012,21.07
133615,1.212069359,0.06208952,3,15,44.29088915,8,3,0,0,8.316,4,17.48424235,7.67,1.76,0.037551741,1.6632,24.948,5.2256
135902,14.22769792,0.00399222,3,18,25.0487202,23,5,0,0,10.079,2.3,7.209329725,7.8,2.52,0.111771069,2.799722222,50.395,4.7328
139121,21.82534794,0.01878332,3,54,127.77297,15,3,0,0,10.656,6.8,292.7501865,7.085,16.79,0.004633218,0.592,31.968,14.3336
139124,22.8245494,0.00884647,3,24,158.2551252,22,5,0,0,10.681,7,23.11227119,7.085,3.85,0.014060893,2.225208333,53.405,5.2088
139813,40.8315081,0.02305199,3,18,66.72573983,25,5,0,0,9.176,4,17.32374838,3.77,35.1,0.038199485,2.548888889,45.88,19.0256
139814,7.752794889,0.02,3,24,58.84101119,25,5,0,0,9.176,5,34.75142502,2.795,3.08,0.032488678,1.911666667,45.88,3.128
140675,7.158567191,0.02994791,3,15,120.2085293,4,2,0,0,9.44,8,12.14285827,7.085,15.66,0.010470694,1.258666667,18.88,14.7392
140676,7.158567191,0.00471118,1,84,63.67809574,4,2,0,0,9.44,8,259.7940214,8.06,4.4,0.003529658,0.224761905,18.88,6.7712
141991,12.31941593,0.00453525,3,18,44.09895887,2,2,0,10,8.238,7.3,7.684016201,30.1,3.64,0.020756348,0.915333333,16.476,11.2
143305,9.650125485,0.0886633,3,15,13.97358647,5,2,0,0,7.618,3.8,20.89342373,3.77,48.16,0.072689523,1.015733333,15.236,25.6736
143520,37.9785535,0.02,3,15,85.6387044,2,2,0,0,7.383,2.2,9.923221013,26,1.76,0.011494803,0.9844,14.766,8.432
143521,37.9785535,0.04754361,3,15,92.54660904,2,2,0,0,7.383,2,15.29972919,26,1.76,0.010636802,0.9844,14.766,8.432
143535,8.483686972,0.07159637,3,18,192.7472063,2,2,0,0,7.383,2,30.53044663,26,1.76,0.004256006,0.820333333,14.766,8.432
147103,55.89790098,0.13381281,3,18,25.78051585,4,2,0,0,7.771,7.3,41.7384677,3.77,39.2,0.033492132,0.863444444,15.542,21.3344
147104,55.89790098,0.02,1,30,92.37940301,4,2,0,0,7.771,5.2,34.36828685,4.55,33.48,0.005608032,0.518066667,15.542,19.2512
147105,55.89790098,0.02,3,30,115.3769976,4,2,0,0,7.771,7,63.0085259,3.77,30.24,0.004490208,0.518066667,15.542,16.9952
150600,15.84588182,0.00525967,3,48,62.7416797,4,2,0,0,8.639,4.3,113.1575468,2.795,3.08,0.005737148,0.359958333,17.278,3.128
153196,17.42003194,0.04553694,3,30,307.4427251,6,3,0,0,7.494,6,95.07498011,6.11,2.8,0.002437527,0.7494,22.482,4.1888
156609,33.1161305,0.07509367,3,18,210.403835,25,5,0,0,9.368,4.3,31.2672237,29.12,6.38,0.012367751,2.602222222,46.84,13.532
156669,6.898471367,0.0243,3,36,62.80615187,5,2,0,0,7.895,8.3,112.9373122,7.8,32.4,0.006983569,0.438611111,15.79,22.56
161959,0,0.03064243,3,12,260.7495163,18,3,0,0,7.597,4.4,6.774426986,6.5,1.76,0.00728381,1.89925,22.791,4.5632
176269,2.668491901,0.00072345,3,18,276.4527874,4,2,0,0,8.429,8.6,3.068964864,4.29,59.34,0.003387759,0.936555556,16.858,31.0128
176271,2.668491901,0.02,3,18,124.7478299,4,2,0,0,8.429,6,16.13625148,3.77,55.9,0.00750759,0.936555556,16.858,28.7408
182024,1.992356833,0.02,3,36,145.7469549,19,3,0,0,9.559,0,102.4588103,0,3.08,0.005465523,0.796583333,28.677,4.5408
182025,0.546771618,0.02,3,24,88.61467353,23,5,0,0,6.896,0,34.75142502,0,3.08,0.016212514,1.436666667,34.48,4.5408
182026,0.546771618,0.02,3,24,12.89094348,23,5,7,0,6.896,0,34.75142502,14.455,1.12,0.111447752,1.436666667,34.48,5.1688
183016,0.921743098,0.02272475,3,36,61.60684064,4,2,0,0,9.812,6,109.2153968,2.6,4.4,0.008848224,0.545111111,19.624,3.68
183707,2.997033995,0.02,3,18,20.14583976,2,2,0,0,9.311,5,16.13625148,2.99,19,0.05135331,1.034555556,18.622,10.976
190612,0,0.02,3,30,38.92191625,4,2,0,0,7.673,6.5,63.0085259,3.575,4.4,0.013142553,0.511533333,15.346,4.232
190613,0,0.02,3,15,34.61828257,4,2,0,0,7.673,8,9.923221013,8.255,2.8,0.029552785,1.023066667,15.346,5.0864
195872,0,0.015,3,30,30.08849755,2,2,0,0,9.778,6.4,54.56698408,12.3825,4.4,0.021664979,0.651866667,19.556,7.854
197229,0.166210358,0.02,3,18,26.88009025,4,2,0,0,9.373,3.4,16.13625148,3.77,55.9,0.038744083,1.041444444,18.746,28.7408
206372,3.007985398,0.0040525,3,30,111.042531,2,2,0,0,8.059,8,28.36258649,4.55,34.32,0.004838386,0.537266667,16.118,21.008
