Asset Type,Inspection Date,Depth,Cons Location Score,Flood Design Score,INV DATE,PACP Shape,PACP Height,PACP Mater,CONST DATE,Length,Encoded Hydro Group,Precipitation,Risk
pipe,43822.71,1.5,10,2,39723,C,15,RCP,22899,27.02548948,1,3.777,8.832
structure,43888.67,3.5,6,2,41345,C,15,RCP,35431,47.49665897,1,3.714,14
structure,43892.67,10,8,2,34277,C,12,RCP,29952,23.16620955,1,3.826,6.0384
structure,43852.71,15.2,0,2,43920,C,36,RCP,0,65.28039996,1,3.717,24.14
pipe,44186.71,3,0,2,43909,C,54,RCP,39906,20.71437547,1,3.735,2.574
structure,43005.67,7.2,6,2,43620,C,15,RCP,0,59.15335659,3,3.713,32.24
pipe,44340.67,3.8,0,0,43185,C,15,RCP,23012,56.06203706,1,3.788,13.8
pipe,43955.67,26,8,0,37847,C,72,RCP,37847,78.1488345,2,3.804,25.92
connectivity,44036.67,1,3,8,36783,C,30,RCP,36783,221.5109991,1,3.822,8.648
pipe,44460.67,5,0,2,43528,C,15,RCP,32874,223.8121497,3,3.756,18.9104
pipe,44133.71,7,0,2,44152,C,36,RCP,35065,193.2871284,1,3.753,10.088
pipe,43804.71,4,0,2,36035,C,30,RCP,36035,166.2422548,2,3.849,1.904
structure,43985.67,6,10,2,44299,C,24,RCP,35620,151.4405475,2,3.865,27.3056
structure,43985.67,6.7,10,2,34305,C,12,RCP,20821,19.17191935,1,3.887,27.3056
pipe,44384.67,4.5,0,2,42906,C,15,RCP,37622,342.5648849,4,3.729,20.384
pipe,44384.67,4.5,0,2,42906,C,15,RCP,37622,342.5648849,4,3.729,22.2656
pipe,44460.67,5,0,2,44084,C,15,RCP,32874,209.428826,1,3.758,18.2192
structure,43005.67,7.2,6,2,44151,C,15,RCP,38012,87.53088991,2,3.759,13.16
structure,43853.71,2.4,0,2,43620,C,15,RCP,36161,30.84241784,2,3.694,1.472
structure,44201.71,0.1,0,2,34341,C,18,RCP,31048,239.0348056,1,3.918,1.904
pipe,43955.67,5,0,2,41424,C,54,RCP,34075,72.53028273,2,3.87,33.792
channel,43733.71,1.2,0,2,35501,C,15,RCP,35501,38.79657657,3,3.707,7.04
pipe,44306.67,3,0,2,43922,C,24,RCP,35796,51.87530567,2,3.717,1.088
structure,43838.67,9.5,8,2,44342,C,30,RCP,37113,89.43449012,3,3.681,6.8544
pipe,43815.67,6.7,6,8,42180,C,42,CMP,37288,42.07708126,2,3.883,21.5024
pipe,43948.67,2.75,0,2,37692,C,18,RCP,37692,32.92854383,2,3.705,16.3664
pipe,43810.67,8.9,8,0,43069,C,48,RCP,37437,41.37529837,1,3.805,3.7296
pipe,43810.67,9.3,8,0,43069,C,54,CMP,37437,121.2174737,1,3.805,23.9904
pipe,43607.67,12.5,8,0,44257,C,84,CMP,36607,73.65626734,3,3.71,43.344
connectivity,44012.71,0.5,10,8,44250,C,18,RCP,37692,12.91219227,2,3.705,14.592
connectivity,44012.71,0.5,10,8,37693,C,12,RCP,37693,137.8671847,3,3.707,14.592
connectivity,43872.67,1.5,4,8,43734,C,72,CMP,32509,67.80836216,4,3.719,9.6672
pipe,44209.71,3.5,0,2,42026,C,15,RCP,37203,118.5846727,4,3.691,10.868
pipe,44383.67,5,0,2,42089,C,18,RCP,37690,33.67486366,2,3.826,1.904
structure,43600.67,8.5,8,0,37851,C,15,RCP,37851,75.00134615,1,3.822,20.9952
pipe,44033.67,12,0,2,34529,C,48,RCP,32143,144.4267171,4,3.84,25.584
pipe,43817.71,5.3,0,2,42136,C,15,RCP,37694,103.8131113,1,3.711,5.3312
pipe,43817.71,5.5,0,2,42136,C,15,RCP,37694,25.7874209,1,3.711,1.904
structure,43923.67,4.7,0,2,37693,C,24,RCP,37693,275.9867687,2,3.698,5.5568
structure,44067.67,5,0,2,42136,C,60,RCP,37694,26.0159604,1,3.712,12.7232
pipe,43815.67,14,6,0,42180,C,54,RCP,37288,37.55568373,2,3.883,3.8472
pipe,43815.67,11.45,6,0,42180,C,54,RCP,36958,297.9944106,2,3.883,3.4272
pipe,43815.67,9.35,6,0,42180,C,54,RCP,37288,72.48291639,2,3.883,3.4272
structure,44111.67,0,0,2,43685,C,24,RCP,31413,96.15172703,1,3.72,7.2944
pipe,44420.67,10,8,3,33800,C,48,CMP,1,113.7112144,4,3.838,30.4848
pipe,43298.67,7.5,6,0,43313,R,72,RCP,20455,14.76798328,2,3.741,9.5872
pipe,44060.67,9,0,2,44042,C,36,RCP,20455,40.48067495,2,3.732,20.8608
structure,43608.67,9.2,10,2,37655,C,15,RCP,37655,49.64518704,2,3.752,8.832
pipe,43901.67,6.7,6,0,42171,C,60,CMP,36979,24.06299092,2,3.877,20.088
pipe,43972.67,4,0,2,37851,C,15,RCP,37851,89.40694231,1,3.822,14.8332
structure,44497.71,6.5,6,2,43475,C,15,CMP,36907,126.8943791,1,3.765,16.4312
pipe,44078.67,2,6,0,42809,C,12,RCP,23012,20.44696907,2,3.751,5.5552
pipe,42983.67,10,8,3,43187,C,72,CMP,28471,118.585681,2,3.793,43.65
channel,44067.67,3,0,2,35830,C,12,RCP,35830,13.12061928,4,3.879,16.2368
pipe,43005.67,7.5,6,0,43404,C,72,CMP,31778,53.68042115,2,3.792,28.272
pipe,43874.71,5.5,0,2,43131,C,36,RCP,31778,120.1009146,4,3.791,12.896
pipe,44215.71,2,6,8,40974,C,15,RCP,23012,68.65710773,2,3.792,7.2416
pipe,44111.67,7,0,2,43633,C,36,RCP,38867,33.85442181,1,3.709,10.088
pipe,44250.67,1,0,2,43124,C,15,RCP,29745,26.51357031,1,3.787,1.472
pipe,43991.67,2,6,8,39379,C,15,RCP,28671,49.37555199,2,3.738,36.3936
pipe,44358.67,8,0,3,43199,C,48,CMP,38988,115.0560102,1,3.793,6.396
pipe,43956.67,3,0,0,34501,C,18,VCP,28671,197.6850923,1,3.792,14.2912
channel,43748.67,0,0,0,43412,C,36,RCP,35970,95.03066432,4,3.783,9.9188
structure,43139.67,8,8,2,35899,C,18,RCP,34700,92.16955732,4,3.826,19.4192
structure,43139.67,8.2,8,2,36104,C,15,PE,35065,90.05197695,1,3.752,18.7248
structure,42843.67,5.5,10,2,43406,C,15,RCP,35611,34.5850127,4,3.786,12.992
structure,42843.67,6.3,10,2,34430,C,12,PE,21186,19.5704274,1,3.751,7.544
pipe,43833.71,4,0,2,43563,C,15,RCP,36710,48.57624611,4,3.718,5.8
channel,43973.67,6,3,2,33288,C,8,VCP,28671,38.42200183,1,3.915,5.984
structure,44175.71,3,0,0,34325,C,48,CMP,40226,449.7525677,2,3.741,0.672
structure,43790.71,3,0,2,34325,C,48,CMP,40226,449.7525677,2,3.741,3.128
channel,43865.67,1.5,3,3,37697,C,24,RCP,37072,163.2439157,2,3.787,14.6076
structure,44285.67,4.6,0,2,43938,C,24,RCP,39190,33.34147922,1,3.738,17.2208
pipe,44459.67,6.5,0,2,38792,C,24,RCP,36671,155.0997589,4,3.743,10.976
structure,44285.67,4.2,0,2,37048,C,24,RCP,35796,89.83999147,1,3.769,12.824
channel,44176.71,5,0,2,43563,C,18,RCP,35431,191.0890181,4,3.719,6.6048
channel,44273.67,1,0,2,43531,C,15,RCP,35796,152.9064681,4,3.735,3.612
pipe,44034.67,7,0,2,44306,C,18,RCP,32540,235.0579515,1,3.92,17.264
structure,44011.67,2.1,0,2,34326,C,18,RCP,30133,31.23155189,4,3.739,3.564
pipe,44420.67,2,6,2,37859,C,15,RCP,36241,99.26801235,2,3.762,30.03
pipe,44323.67,3.5,0,2,36277,C,24,RCP,43132,25.72319352,2,3.766,12.8576
pipe,43805.71,7.5,0,2,43815,C,24,RCP,36892,84.60974221,1,3.727,6.8552
pipe,44307.67,5,0,2,36031,C,24,RCP,35975,133.7132319,2,3.834,6.968
pipe,43805.71,7,0,2,43815,C,24,RCP,21916,39.65567616,1,3.727,7.1456
structure,44112.71,7,0,2,42906,C,12,PE,37622,158.2392289,4,3.729,11.9504
pipe,43963.67,8.25,0,2,43201,C,54,CMP,25934,158.7049548,1,3.795,16.3464
pipe,44523.71,4,8,0,43608,C,15,RCP,37991,89.54067,1,3.694,21.948
pipe,44280.67,6,0,2,43199,C,60,CMP,38961,272.0714415,1,3.792,20.7776
pipe,43998.67,4.5,0,2,43202,C,24,CMP,27030,202.6498265,2,3.795,8.0936
pipe,44097.67,4.5,0,2,43202,C,24,CMP,27030,202.6498265,2,3.795,8.0936
pipe,43661.67,4,0,0,43132,C,18,RCP,25204,105.4757709,1,3.791,6.2712
pipe,44041.67,12.5,0,2,44315,C,48,RCP,35065,180.9891819,1,3.874,17.888
pipe,44460.67,3.5,0,2,44085,C,15,RCP,34880,189.5104991,2,3.751,21.0512
pipe,44523.71,4,8,0,43608,C,15,RCP,37991,20.63290884,1,3.694,16.284
pipe,43846.71,9.5,6,0,34001,C,72,CMP,28671,75.53158532,2,3.885,29.376
pipe,43914.67,6.4,8,2,44105,C,60,CMP,31229,60.56578932,2,3.774,8.888
channel,43896.67,5,6,2,42948,C,18,PE,37257,51.12949564,4,3.754,4.928
channel,44358.67,0,3,8,42949,C,36,RCP,33970,126.9565334,1,3.752,8.0264
structure,43943.67,6,8,2,40613,C,15,RCP,28856,301.4050335,2,3.894,14.98
structure,43943.67,6,6,2,42954,C,24,PE,37257,17.4527189,4,3.756,12.67
pipe,43943.67,8.5,8,0,36028,C,60,RCP,35970,101.4416215,4,3.769,6.8376
structure,44532.71,8.6,0,2,37859,C,24,RCP,33419,229.826992,1,3.77,13.2912
channel,44420.67,5,0,2,40613,C,18,RCP,28856,168.3067909,2,3.894,16.1216
channel,44350.67,5,0,2,44130,C,15,RCP,34335,40.5516796,1,3.754,14.0672
channel,44169.71,4,0,2,42864,C,15,RCP,29701,60.68431771,2,3.699,18.0992
pipe,44410.67,4,0,2,41703,C,30,RCP,23767,9.492341465,2,3.87,17.888
pipe,44210.71,20,0,2,42950,C,36,CMP,36161,117.2596943,4,3.754,5.9024
pipe,44497.71,7,6,8,41709,C,60,RCP,32653,67.63830517,2,3.888,38.192
pipe,44410.67,4,0,2,41703,C,30,RCP,23767,32.91391799,2,3.87,2.72
pipe,44410.67,4,0,2,41703,C,30,RCP,23767,32.91391799,2,3.87,14.8256
pipe,43700.67,3.6,8,0,41978,C,15,RCP,28671,29.30852777,1,3.88,19.116
channel,44399.67,4.5,0,2,43613,C,15,RCP,37802,140.2318838,1,3.697,31.1168
pipe,44092.67,4.1,0,2,34339,C,24,RCP,30682,152.7850167,2,3.92,14.924
pipe,44018.67,2,6,0,41975,C,15,RCP,29794,123.1536555,2,3.873,18.3456
pipe,43950.67,9.5,0,2,42888,C,30,RCP,22068,266.0740398,4,3.745,24.8784
pipe,43132.67,13.7,8,0,37035,C,54,RCP,36168,97.21551531,2,3.719,11.0656
pipe,43608.67,11.9,10,0,43775,C,48,RCP,35971,117.1224865,2,3.72,31.248
pipe,43766.67,3,0,8,41401,C,36,CMP,23434,204.6437055,1,3.858,32.756
pipe,44011.67,1.3,0,2,35669,C,15,RCP,34700,51.20979606,4,3.901,9.145
structure,44111.67,6.7,0,2,37154,C,84,CMP,36892,11.97130831,3,3.705,14.4272
pipe,43893.67,17,8,0,36168,C,108,CMP,31958,93.08497466,4,3.9,43.344
pipe,44491.67,7,0,2,43907,C,18,RCP,31549,447.0503683,1,3.733,25.3328
structure,43965.67,2.6,0,2,43972,C,18,RCP,22068,60.95069508,1,3.751,0
pipe,43852.71,5,0,2,43838,C,48,RCP,34270,74.35125997,1,3.72,16.6242
pipe,43717.67,3.5,0,2,41968,C,24,CMP,24473,144.3166328,1,3.844,1.088
pipe,44453.67,7.4,0,2,44427,C,15,RCP,37209,23.81158573,4,3.82,10.8896
structure,44491.67,6.4,0,2,43907,C,24,RCP,31549,39.23858576,1,3.733,29.432
structure,43810.67,8.49,8,2,35699,C,30,RCP,33604,96.62432383,4,3.719,8.1696
structure,43810.67,5.9,6,2,43920,C,15,RCP,23743,23.28005657,1,3.729,6.7712
pipe,44491.67,7.25,0,2,35157,C,36,RCP,35157,171.9506127,1,3.733,19.1984
pipe,43810.67,9.09,8,0,43069,C,54,CMP,37437,41.89448184,1,3.805,30.6
structure,44482.67,5,0,2,43726,C,15,RCP,32689,53.92646726,4,3.722,14.168
structure,44482.67,3.6,0,2,43839,C,48,RCP,36161,86.02846693,1,3.719,14.168
pipe,43810.67,8,0,2,41680,C,54,CMP,37437,79.95978511,1,3.805,18.584
pipe,43810.67,8.05,0,2,41687,C,54,CMP,37437,53.23939568,1,3.803,20.424
pipe,43810.67,9.44,8,3,43069,C,54,CMP,37437,145.9836079,1,3.804,28.5768
pipe,43888.67,2.3,6,3,37693,C,18,RCP,35611,172.1108525,2,3.703,14.3748
pipe,43713.71,3.6,0,3,37553,C,18,RCP,37182,25.43012753,1,3.74,12.2304
structure,43766.67,3.1,10,8,35340,C,15,RCP,35065,21.59909345,1,3.902,10.88
structure,44491.67,7.2,0,2,37771,C,15,RCP,37257,89.36976856,3,3.705,3.536
structure,44491.67,6.4,0,2,37853,C,15,RCP,35611,49.81236796,3,3.707,3.536
pipe,44383.67,5,0,2,42089,C,18,RCP,33239,200.1072554,2,3.826,17.576
structure,43700.67,3.1,8,2,43795,C,15,RCP,36892,167.8487881,2,3.722,5.2256
structure,44383.67,11,0,2,38111,C,36,RCP,36525,107.955141,2,3.755,20.8608
structure,44383.67,12,0,2,37861,C,15,RCP,36952,80.15311531,4,3.757,18.4992
pipe,44384.67,7.5,0,2,43641,C,42,RCP,27210,72.5542017,4,3.721,23.504
channel,43859.71,1,3,8,38111,C,30,RCP,36525,62.91356038,2,3.756,6.1304
pipe,44327.67,2.5,6,2,34120,C,12,RCP,21916,24.02323485,1,3.763,6.8448
pipe,44182.71,8,6,2,38111,C,15,RCP,36525,41.66410434,1,3.756,19.5708
pipe,43662.17,3,8,8,44057,C,24,RCP,28671,41.88420322,1,3.731,9.6768
pipe,44104.67,3.5,6,8,43315,C,24,PE,18629,24.02512388,1,3.746,8.432
pipe,43969.67,6.9,6,0,42171,C,60,RCP,35796,118.9883408,2,3.877,13.6344
structure,44459.67,8.5,0,2,41687,C,12,RCP,21916,47.55948238,4,3.732,12.096
pipe,43935.67,8.5,0,2,43992,C,15,RCP,34183,122.2634229,2,3.734,11.388
pipe,44342.67,5,0,2,38049,C,15,RCP,37077,200.7854517,3,3.864,11.0864
pipe,44256.67,5,0,2,38049,C,15,RCP,37077,200.7854517,3,3.864,20.384
pipe,43935.67,7.5,0,2,43992,C,15,RCP,35608,64.01846453,2,3.734,14.7392
pipe,36930.67,8.75,8,0,43503,C,84,CMP,32400,17.7714239,2,3.826,8.4672
pipe,43139.67,8.85,8,0,43503,C,84,CMP,32400,49.56700874,2,3.826,25.272
structure,44383.67,5,0,2,42692,C,15,RCP,35065,50.23909294,1,3.802,22.6064
structure,44383.67,5,0,2,43327,C,30,RCP,30682,144.9874309,1,3.792,3.68
structure,44179.71,4.5,0,2,33939,C,36,CMP,30317,51.16357456,1,3.731,3.68
pipe,43705.67,3,0,8,44057,C,15,RCP,28671,32.32797275,1,3.731,18.7252
structure,43868.67,1.4,0,2,44070,C,15,RCP,36434,55.20198398,1,3.732,3.036
pipe,44028.67,9,8,0,39119,C,60,RCP,39119,96.48451995,2,3.696,27.4224
pipe,43923.67,4.5,0,2,38650,C,36,PE,38650,74.11239121,1,3.694,5.5568
structure,44148.71,3.5,6,8,38539,C,15,PE,35698,22.07122353,2,3.77,10.472
pipe,43762.67,5,6,3,33914,C,18,RCP,32007,138.6337511,1,3.73,14.8512
pipe,43923.67,4.5,0,2,38650,C,36,PE,38650,43.85147619,1,3.694,5.5568
pipe,43412.67,9.3,6,0,43307,C,54,CMP,30690,220.1596364,1,3.792,26.928
structure,43950.67,9,0,2,39273,C,48,RCP,39203,252.3839014,4,3.783,24.816
structure,43826.71,12,0,2,43572,C,24,RCP,36622,68.78041031,1,3.781,5.52
pipe,43789.71,2,10,0,42282,C,15,RCP,29402,14.46703012,2,3.76,10.3936
pipe,44166.71,2,0,0,42282,C,15,RCP,29402,14.46703012,2,3.76,10.8192
channel,44452.67,1,8,8,43479,C,48,RCP,37449,215.2170686,2,3.771,15.6864
pipe,44383.67,12,0,2,43327,C,42,RCP,29701,175.2596247,1,3.794,13.8768
pipe,43923.67,4.5,0,2,38650,C,36,PE,38650,57.73992358,1,3.694,11.0192
pipe,44482.67,5.5,0,2,44004,C,15,RCP,29402,37.37672273,4,3.734,14.6288
pipe,44482.67,5,0,2,44004,C,15,RCP,29402,51.61043139,4,3.734,14.6288
pipe,43923.67,4.5,0,2,38650,C,30,PE,38650,8.502774479,1,3.694,8.2064
pipe,43789.71,2,10,0,42282,C,15,RCP,29402,40.1084156,2,3.76,9.184
pipe,43789.71,2,0,2,42282,C,15,RCP,29402,40.1084156,2,3.76,10.3472
pipe,44176.71,2,0,0,42282,C,15,RCP,29402,40.1084156,2,3.76,14.3592
pipe,43682.71,8,0,0,33850,C,30,RCP,31778,149.2976667,1,3.733,9.0792
structure,43766.67,2.6,10,8,38456,C,30,RCP,20637,29.26903104,4,3.768,10.88
structure,43766.67,2,10,8,43202,C,15,RCP,19725,295.0008454,1,3.798,10.88
pipe,42948.67,8.5,8,0,43158,O,60,CMP,29717,26.58567429,2,3.789,40.824
structure,43817.71,5.2,0,2,39107,C,24,RCP,39107,80.20203319,4,3.702,19.2512
structure,43817.71,5.5,0,2,42766,C,15,RCP,30317,101.6922064,1,3.73,26.0144
structure,43817.71,5.5,0,2,39072,C,48,RCP,41303,290.1352854,2,3.904,6.44
structure,44340.67,4.2,0,0,42411,C,24,RCP,32509,72.93515092,1,3.689,1.056
pipe,43983.67,10,8,3,43153,O,85,CMP,29402,69.28198269,2,3.79,39.366
pipe,44155.71,0,6,8,44326,C,15,RCP,37041,196.5277524,3,3.704,7.2416
pipe,44257.71,3,0,2,39374,C,18,RCP,39374,21.8996674,1,3.814,13.4524
pipe,43880.71,7.5,0,2,39223,C,24,RCP,22647,58.14428494,1,3.753,21.7952
pipe,44427.67,5,0,0,42752,C,24,RCP,24782,347.3008334,1,3.74,12.3504
pipe,44335.67,8,6,8,38418,C,36,RCP,38418,58.77026587,1,3.689,8.9936
pipe,44265.67,13,10,2,39099,C,36,RCP,39094,67.15861109,1,3.704,26.0336
structure,44175.71,0,0,0,44148,C,30,RCP,34150,21.88644908,3,3.749,1.056
structure,43789.71,0,10,0,44148,C,30,RCP,34150,21.88644908,3,3.749,12.784
pipe,43965.67,2.7,0,2,44144,C,18,RCP,36405,161.9918832,3,3.749,0
structure,44026.67,4,6,2,44158,C,15,RCP,39463,38.1390218,3,3.744,4.5632
pipe,44064.67,4.5,0,2,42474,C,15,RCP,37390,47.1291025,2,3.859,10.8896
pipe,44175.71,2,0,2,44144,C,18,RCP,34150,34.86858234,3,3.747,2.884
pipe,44165.71,6.25,0,2,42677,C,30,RCP,39994,145.1794046,2,3.739,10.088
pipe,43777.67,3.5,6,0,44048,C,15,RCP,38070,135.4940831,1,3.736,7.056
pipe,43777.67,5,6,0,44048,C,15,RCP,38070,50.75351153,1,3.736,3.2928
pipe,44323.67,3.2,0,2,42814,C,36,RCP,23012,41.50349953,1,3.757,9.0944
pipe,43777.67,4,6,0,44048,C,15,RCP,38070,24.70979547,1,3.736,3.2928
pipe,44063.67,6.9,6,2,43671,C,36,RCP,27603,28.4014197,2,3.72,18.368
structure,44420.67,3.5,0,2,38217,C,15,RCP,37437,37.9930199,1,3.903,8.424
structure,44004.67,8,8,2,41681,C,15,RCP,28671,20.70331383,1,3.734,6.3296
structure,44004.67,8.3,8,2,38259,C,30,RCP,41304,21.85565052,1,3.901,7.0656
pipe,44151.71,1.75,0,2,38259,C,15,RCP,41304,43.76630107,1,3.906,16.3664
pipe,44151.71,1.75,8,8,38259,C,15,RCP,32143,83.36439292,1,3.906,14.6544
pipe,42983.67,10,8,3,43187,C,72,CMP,28471,115.5313437,2,3.793,43.65
structure,44384.67,8,0,2,43871,C,30,RCP,23743,276.6661886,4,3.729,16.9952
pipe,44050.67,5,0,2,43199,C,15,RCP,27210,243.8383892,1,3.791,14.0768
pipe,44435.67,6.5,0,2,37901,C,36,RCP,36266,116.05225,1,3.748,10.088
pipe,44355.67,5,0,3,43199,C,48,RCP,38961,96.11589656,1,3.793,6.396
pipe,44033.67,4.5,0,2,42775,C,36,CMP,27210,50.61785733,1,3.796,21.2004
structure,43923.67,5.5,0,2,43220,C,30,RCP,39290,135.6795089,1,3.787,23.6
structure,43774.71,7.6,6,2,40077,C,18,RCP,28331,25.74391073,4,3.761,29.264
structure,44011.67,3.2,6,2,43216,C,24,RCP,40274,16.85957633,1,3.787,4.5632
structure,44011.67,4.3,6,2,43216,C,24,RCP,40274,94.27601252,1,3.787,4.5632
pipe,44340.67,5,0,0,43278,C,30,RCP,42599,120.8521813,2,3.807,2.8896
pipe,43467.67,8.85,8,10,42020,C,96,CMP,40203,41.61773336,2,3.849,54.108
pipe,43917.67,3,6,2,43577,C,15,RCP,30132,228.0789381,4,3.719,10.3976
pipe,43955.67,9.5,6,0,39478,C,54,RCP,36693,64.57307427,2,3.816,27.72
pipe,43955.67,9.5,6,0,39478,C,54,RCP,36693,69.07315051,2,3.816,27.72
pipe,44169.67,3.4,6,0,44207,C,30,RCP,30046,115.2212876,4,3.717,12.768
pipe,44169.67,3.5,6,0,43573,C,18,RCP,30046,20.18000137,4,3.717,15.1164
pipe,44285.71,2.5,0,2,39602,C,15,RCP,37202,115.3607615,3,3.701,13.794
pipe,44351.67,3.5,0,2,44089,C,15,RCP,31229,130.6909596,1,3.76,4.3952
structure,43965.67,2.9,0,2,38978,C,36,RCP,37622,34.58698681,2,3.706,17.264
pipe,43973.67,10,0,2,39274,C,48,RCP,37222,114.9407296,2,3.714,3.264
structure,43777.67,3.5,6,2,39393,C,15,RCP,37326,36.48487617,2,3.739,3.3728
structure,43777.67,3.5,6,2,39393,C,15,RCP,37326,78.35577658,2,3.739,5.3312
structure,43777.67,4,6,2,39393,C,15,RCP,37326,291.0607931,2,3.739,6.0656
structure,43777.67,6.5,6,2,39393,C,18,RCP,37326,274.7119407,2,3.74,4.5968
pipe,44337.67,4,0,0,39422,C,18,RCP,37888,98.4565738,3,3.739,18.1844
pipe,44337.67,4.2,0,0,39422,C,18,RCP,37888,114.1731228,3,3.739,12.5736
pipe,44337.67,4.5,0,0,39422,C,18,RCP,37888,303.9292803,3,3.739,14.5824
pipe,44337.67,5,0,0,39422,C,15,RCP,37888,30.91807281,3,3.739,5.976
pipe,43608.67,7.1,10,0,43774,C,48,RCP,35971,24.1648161,2,3.72,3.192
pipe,43836.71,2,0,2,40612,C,15,RCP,40603,14.98396963,1,3.816,3.128
pipe,44333.67,5.3,0,2,44090,C,42,CMP,31229,46.64691681,4,3.766,8.9744
pipe,44147.71,5,8,2,40420,C,24,RCP,30046,194.1391357,4,3.689,33.276
pipe,43913.67,3,6,2,40421,C,18,RCP,28856,128.8591323,4,3.696,2.9648
pipe,43937.67,4,6,2,40417,C,15,RCP,30046,135.8207767,4,3.691,18.044
structure,44340.67,6.7,0,0,40429,C,24,RCP,35431,126.4765558,4,3.695,3.3432
structure,43766.67,2.2,0,2,44102,C,15,RCP,26299,46.19641405,2,3.764,4.3054
pipe,44368.67,3.5,6,2,39966,C,15,RCP,39966,72.37093777,1,3.704,30.6
pipe,42923.67,9,10,10,39968,R,60,RCP,39968,118.9517242,4,3.708,42.432
pipe,42923.67,12,8,10,39968,R,60,RCP,25204,91.41809354,4,3.712,47.328
pipe,42992.67,10,8,0,40133,C,60,CMP,32689,56.69405541,2,3.82,11.8104
structure,43955.67,8.5,8,2,40570,C,15,RCP,40570,44.04904652,1,3.786,22.776
structure,44355.67,3.25,0,2,40570,C,15,RCP,33420,35.13829167,1,3.775,20.9902
pipe,43977.67,10,6,0,40582,O,60,RCP,28660,73.76861501,1,3.803,23.328
structure,43467.67,8.7,8,2,40577,C,15,RCP,40577,40.89971262,4,3.779,30.456
structure,43467.67,9,8,2,40577,C,15,RCP,40577,54.45613631,4,3.786,38.232
pipe,43173.67,7,8,3,44329,R,72,RCP,35611,24.95256082,2,3.747,7.5168
structure,43917.67,3.3,6,2,43136,C,24,RCP,31832,78.48756647,4,3.792,4.5632
structure,43917.67,2,6,2,43136,C,18,RCP,31832,23.61405746,4,3.792,6.0168
pipe,44138.71,7,0,2,43136,C,36,RCP,31832,142.5015109,4,3.792,18.044
pipe,43945.67,6,6,2,40828,C,24,RCP,36168,128.5533854,1,3.718,19.292
pipe,44452.67,2.5,8,8,40828,C,12,RCP,36747,84.68158063,2,3.756,8.2928
pipe,44307.67,4.5,0,2,44138,C,36,RCP,38279,160.6124483,2,3.749,18.044
pipe,43959.67,4,0,2,43214,C,18,RCP,29619,129.4527466,1,3.79,9.776
pipe,44495.67,3,0,0,40840,C,15,RCP,29402,114.4033663,1,3.79,9.9712
pipe,43966.67,5,6,3,39455,C,24,RCP,37680,86.81917926,1,3.823,28.5376
pipe,43966.67,5,6,3,40842,C,15,RCP,34880,11.27714261,1,3.823,7.4896
pipe,44006.67,3.5,0,2,42775,C,18,RCP,29701,90.88572679,1,3.795,14.0768
pipe,44006.67,4,0,2,42775,C,15,RCP,29701,48.46242889,1,3.795,16.6208
pipe,44006.67,4,0,2,42775,C,24,RCP,29701,25.75529871,1,3.795,5.8712
structure,43955.67,6.5,6,2,40611,C,18,RCP,40611,25.2376549,4,3.722,6.7712
structure,43955.67,6.5,6,2,40611,C,15,RCP,40611,16.50868445,4,3.722,15.8672
pipe,44357.67,3,0,2,43327,C,24,RCP,40870,170.4712815,1,3.795,6.968
structure,44216.71,20,0,2,42782,C,15,RCP,27210,130.340895,1,3.798,16.3184
pipe,43711.67,11.7,6,3,40568,C,72,RCP,40568,96.25599122,4,3.752,6.6096
pipe,43950.67,3.5,0,2,40568,C,18,RCP,20637,8.904522636,4,3.752,3.128
pipe,43950.67,3,0,2,40568,C,15,RCP,20637,29.1755952,4,3.752,28.4548
structure,43810.67,9.69,8,2,40575,C,24,RCP,36208,63.76508935,1,3.757,8.1696
structure,43810.67,0,0,2,40575,C,24,RCP,36208,71.19441879,1,3.757,19.0688
structure,43810.67,8.1,0,2,40575,C,24,RCP,36208,60.70889309,1,3.757,16.6944
structure,43810.67,7.6,4,2,40575,C,24,RCP,36208,25.80291927,1,3.757,6.1088
structure,43810.67,6,0,2,40575,C,24,RCP,36208,136.0832935,1,3.757,4.784
structure,44482.67,6,0,2,40582,C,30,RCP,33420,198.1228399,4,3.765,15.848
structure,44321.67,1.6,0,0,40589,C,12,RCP,20090,109.5653888,4,3.755,2.002
structure,44102.67,3.5,0,2,40591,C,15,RCP,40589,47.61340449,4,3.761,13.2886
structure,44420.67,10,0,2,40595,C,15,RCP,35065,51.56234041,4,3.746,18.4992
pipe,43950.67,5,0,2,40596,C,18,RCP,20637,289.9939257,4,3.752,18.0056
pipe,44112.67,3,0,2,39639,C,24,RCP,37918,46.08212948,2,3.663,4.1528
pipe,44112.71,6,0,2,39112,C,24,RCP,37301,194.8977966,3,3.671,6.968
pipe,43123.67,20,0,2,42580,C,60,RCP,38951,114.4870692,2,3.672,16.856
pipe,43943.67,9,0,2,43306,C,18,RCP,30690,73.45460826,1,3.79,4.14
structure,43923.67,4.5,0,2,40779,C,48,RCP,40779,110.5084299,4,3.842,6.2192
structure,43923.67,4.5,0,2,40781,C,24,RCP,40757,46.74350927,2,3.732,5.5568
structure,43923.67,3.5,0,2,40781,C,15,RCP,40767,15.78497891,2,3.732,2.6384
structure,43665.71,8,0,2,40800,C,36,RCP,40800,85.75739915,2,3.798,14.8256
pipe,43943.67,4,0,2,43311,C,15,RCP,30494,188.4262042,1,3.787,3.036
structure,44111.67,0,0,2,40947,C,15,RCP,38461,109.9452698,3,3.664,9.1568
structure,44028.67,10,8,2,41688,C,15,RCP,40544,25.30800884,4,3.803,8.5284
pipe,43941.67,3.5,0,2,43304,C,15,RCP,30690,153.554497,1,3.787,3.036
structure,43608.67,5,10,2,40828,C,48,RCP,32143,167.4843496,2,3.742,6.992
pipe,43132.67,13.7,8,0,37035,C,54,RCP,36168,99.57207082,2,3.719,11.0656
pipe,43132.67,13.7,8,0,37035,C,54,RCP,36168,100.9947041,2,3.719,11.0656
pipe,43759.67,5,0,2,42734,C,18,RCP,30046,99.76383056,4,3.723,1.904
pipe,43987.67,1.75,4,0,42969,C,15,RCP,10594,35.98451484,1,3.799,0
pipe,43987.67,2.15,6,0,42969,C,15,RCP,10594,23.86189622,1,3.799,4.2
pipe,43973.67,2.15,0,2,42969,C,15,RCP,10594,23.86189622,1,3.799,12.8576
pipe,44271.67,13,0,2,40596,C,42,RCP,36700,172.4885331,2,3.806,14.768
pipe,44323.67,8,0,2,40891,C,18,RCP,40891,42.9390898,1,3.714,16.6208
structure,43963.67,9,0,2,40891,C,18,RCP,40891,45.3109101,1,3.714,4.416
pipe,44323.67,9,0,2,40891,C,18,RCP,40891,45.3109101,1,3.714,17.6528
structure,43963.67,7.5,6,2,43405,C,42,RCP,40897,18.53620055,2,3.789,6.7712
structure,44441.67,17.5,0,2,39436,C,36,RCP,37676,68.17257136,2,3.75,11.2832
structure,44377.67,1.5,0,2,39436,C,18,RCP,37676,24.40886681,2,3.751,2.574
pipe,43795.71,6,0,2,39436,C,36,RCP,37676,98.38979599,2,3.751,10.4864
pipe,43795.71,6.3,0,2,39436,C,36,RCP,37676,56.28721263,2,3.751,6.1472
pipe,43846.71,7.5,0,2,39436,C,24,RCP,39436,57.76934875,2,3.755,5.6816
pipe,43980.67,8.7,0,2,38373,C,24,RCP,37165,340.4180604,2,3.665,16.536
pipe,43951.67,0,0,2,43528,C,30,RCP,30977,102.5826998,4,3.734,10.088
pipe,44410.67,7.3,6,8,44403,C,15,RCP,37189,22.60022835,2,3.814,10.7136
pipe,44183.67,4,6,2,43524,C,18,RCP,31159,165.5577707,4,3.737,12.8576
pipe,44183.67,4,6,2,43524,C,18,RCP,31159,165.5577707,4,3.737,12.8576
pipe,43173.67,7,8,3,44329,R,72,RCP,35611,22.08875583,2,3.747,7.5168
pipe,43173.67,8,8,3,44329,R,72,RCP,35611,24.78607813,2,3.747,7.5168
structure,44517.71,2,0,2,44428,C,15,RCP,37852,102.1456658,3,3.793,7.1242
structure,44420.67,1.5,6,2,43524,C,18,RCP,29402,30.31223722,4,3.741,22.902
structure,44085.67,6.9,4,2,43542,C,15,RCP,41019,192.6139918,4,3.762,15.8576
pipe,44356.67,3,0,2,44263,C,15,RCP,35611,60.02433248,3,3.715,14.0866
pipe,44356.67,3,0,2,44263,C,18,RCP,35611,73.47587717,3,3.715,15.5496
pipe,44356.67,3,0,2,44263,C,18,RCP,35611,62.35680827,3,3.715,13.5432
pipe,44153.71,3,8,0,43543,C,15,RCP,32689,134.6948204,2,3.765,6.3616
pipe,44063.67,6.3,6,0,43671,C,36,RCP,27210,95.98331219,2,3.72,15.456
pipe,43804.71,4,0,2,39555,C,15,RCP,36668,29.51849898,1,3.679,1.904
structure,44384.67,7,0,2,38376,C,15,RCP,37165,26.80614304,2,3.666,29.0816
structure,43815.67,4.7,6,2,39632,C,36,RCP,37605,33.09903173,1,3.686,10.1568
pipe,43720.67,3.4,6,8,43713,C,15,RCP,28471,24.64270491,2,3.72,7.2416
pipe,43658.67,3.1,6,8,43713,C,30,CMP,28471,42.6339071,2,3.72,0
pipe,43719.67,3,0,3,43714,C,15,RCP,36130,125.0173676,2,3.718,10.3472
pipe,43717.71,5,6,3,43692,C,15,RCP,23743,90.73323265,1,3.718,7.4896
pipe,43717.71,5,6,3,43692,C,15,RCP,27064,41.71575427,1,3.718,4.0176
pipe,43717.71,2.8,6,3,43692,C,15,RCP,27064,32.4770531,1,3.718,4.0176
structure,44306.67,15,0,2,43593,C,54,RCP,40988,27.04083908,2,3.806,7.9808
pipe,44236.71,6,0,2,39423,C,18,RCP,37855,107.2091902,1,3.751,19.1984
pipe,43899.67,7.09,6,3,34269,C,42,RCP,30133,61.21126428,4,3.759,25.2
pipe,43899.67,6.2,6,8,34269,C,42,RCP,30133,72.02009718,4,3.759,32.48
pipe,43986.67,14,6,0,39226,C,60,RCP,37638,56.77587089,1,3.751,7.0532
pipe,43726.67,8.65,0,2,39226,C,15,RCP,37638,99.4372472,1,3.751,5.7072
pipe,43726.67,10.95,6,0,39226,C,18,RCP,37638,25.25941616,1,3.751,4.536
pipe,43726.67,9.95,6,0,39226,C,18,RCP,37638,98.14603089,1,3.749,19.2066
pipe,43348.67,6.63,8,0,39766,C,60,PE,37722,135.6230296,2,3.744,5.3328
pipe,43229.67,6.25,6,0,39766,C,60,PE,37722,70.85625869,2,3.744,19.0464
pipe,43966.67,5,6,3,39455,C,24,RCP,37680,24.62954615,1,3.823,34.3
pipe,43966.67,7,6,3,39455,C,15,RCP,34880,77.16853027,4,3.823,20.254
pipe,43966.67,7,6,3,39455,C,15,RCP,34880,49.54091768,4,3.823,26.8912
pipe,43966.67,6,6,3,39455,C,15,RCP,34880,97.7073611,1,3.823,7.4896
pipe,43966.67,3.5,6,3,39455,C,30,CMP,37680,60.02142608,1,3.823,34.804
pipe,43179.67,25.5,0,2,40918,C,66,RCP,29221,234.7967507,4,3.769,33.512
pipe,44103.67,7,0,2,40926,C,42,CMP,27603,230.1335491,2,3.776,7.436
pipe,44252.71,4,0,2,40934,C,15,RCP,27210,217.3350862,1,3.769,6.968
structure,44337.67,5.5,0,2,43948,C,30,RCP,37174,34.08895262,1,3.75,11.0192
pipe,43943.67,15,6,0,43948,C,60,RCP,37174,84.513083,1,3.75,7.0532
structure,44435.67,7.5,0,2,40885,C,15,RCP,27210,30.06722431,1,3.768,7.2944
structure,44285.71,1.5,0,2,40885,C,15,RCP,38112,22.27240594,1,3.769,6.3118
pipe,43759.67,6,0,2,40889,C,30,RCP,28331,124.3935079,1,3.759,15.704
structure,43886.67,2.5,0,2,40970,C,18,RCP,38126,40.09339035,1,3.762,2.88
pipe,44014.67,5.5,0,2,40969,C,36,RCP,32540,143.9236256,2,3.789,18.044
pipe,44236.71,4.5,0,2,40974,C,24,RCP,38724,31.58184228,1,3.791,20.384
pipe,44236.71,5,0,2,40974,C,24,RCP,38724,12.17357417,1,3.791,16.6208
pipe,44427.67,6.8,8,8,40966,C,48,RCP,39234,23.77833621,2,3.788,11.7968
pipe,43871.71,4.5,0,2,43908,C,24,RCP,27210,107.1976383,1,3.793,20.384
pipe,44148.71,2,0,2,40941,C,15,RCP,27666,310.4199014,1,3.776,14.8356
structure,44124.67,5.5,0,2,40941,C,15,RCP,28671,59.39016114,1,3.779,6.2192
structure,43973.67,9.5,0,2,40948,C,30,RCP,39173,68.96192243,1,3.77,11.0544
pipe,44463.67,2,0,0,40949,C,15,RCP,40949,26.06763846,1,3.765,5.004
pipe,44463.67,2,0,0,40949,C,15,RCP,40949,16.6830769,1,3.765,2.7888
pipe,44463.67,2.7,0,0,40949,C,24,RCP,40949,13.82685542,1,3.765,0.672
pipe,44463.67,2.5,0,2,40949,C,24,RCP,40949,25.33022678,1,3.765,10.8896
pipe,43276.67,7,8,2,39854,R,60,RCP,19725,147.1317259,2,3.706,22.8608
pipe,43276.67,7,6,2,39854,R,60,RCP,39854,97.8914071,2,3.706,24.2528
pipe,44050.67,4.5,6,2,44106,C,36,RCP,39856,167.925377,1,3.691,16.5968
structure,44337.67,4.2,0,0,41158,C,48,RCP,41158,31.7160998,1,3.69,1.056
structure,44337.67,4.2,0,0,41158,C,48,RCP,41158,91.08111011,1,3.689,1.056
structure,44337.67,3.7,0,0,41158,C,24,RCP,41158,24.83860332,1,3.691,7.5696
structure,44337.67,5,0,0,41158,R,60,RCP,41158,132.8785295,1,3.691,1.056
pipe,43276.67,7,6,2,39854,R,60,RCP,39854,32.9419701,2,3.706,5.8208
structure,43952.67,3,0,8,39517,C,15,RCP,15342,42.00077383,4,3.865,4.752
pipe,44432.67,2,0,2,39518,C,15,RCP,16438,27.08833926,4,3.869,25.872
pipe,43696.71,2,6,8,39518,C,18,RCP,38890,36.25453575,1,3.873,24.2
structure,43836.71,0,0,2,39526,C,15,RCP,34008,13.79261841,1,3.89,22.6064
structure,43836.71,0,0,2,39526,C,30,RCP,34008,22.0062449,1,3.894,5.336
structure,43937.67,4,6,2,41323,C,15,RCP,34150,302.058692,2,3.768,17.3628
structure,44147.71,4,8,2,41326,C,15,RCP,34150,69.65007723,1,3.757,5.2256
structure,44147.71,6,8,2,41326,C,15,RCP,34150,44.25786337,1,3.754,7.8384
structure,43913.67,3,6,2,42041,C,24,RCP,42041,86.38876535,4,3.869,7.194
structure,43913.67,3,6,2,42044,C,48,RCP,42044,55.50790473,2,3.869,4.5632
pipe,43923.67,12,4,3,34250,C,108,CMP,29221,30.47461592,1,3.79,38.2392
pipe,43374.67,10,4,3,42558,C,108,CMP,28856,34.39023309,2,3.789,38.2392
pipe,42948.67,7,8,0,43158,O,60,CMP,28856,123.4626417,2,3.789,26.8632
pipe,43951.67,5,0,2,43196,C,36,CMP,23377,193.8567552,2,3.794,20.4152
pipe,43963.67,10.5,8,0,43195,C,78,CMP,27722,103.1593968,1,3.794,30.8448
pipe,43963.67,7.5,6,3,43201,C,54,CMP,27210,86.42629963,1,3.795,36.084
structure,42923.67,8,10,2,41345,C,15,RCP,38604,322.1247159,4,3.714,8.096
structure,42923.67,9,10,2,41345,C,15,RCP,38604,191.328608,4,3.716,35.616
pipe,43432.67,16,10,0,43185,C,72,RCP,18629,154.7072034,1,3.789,20.292
pipe,43257.67,13,8,0,39741,C,60,RCP,36217,97.08112021,2,3.793,7.6076
pipe,43257.67,13,8,0,39741,C,60,RCP,36217,95.67003938,2,3.793,7.6076
structure,43887.67,3,0,2,39742,C,15,RCP,37072,31.04656829,1,3.794,13.5752
pipe,43432.67,10,8,0,43375,C,66,RCP,40372,61.90761175,2,3.783,6.8376
structure,43977.67,6,6,2,42716,C,15,RCP,32874,129.6597676,3,3.729,5.8208
structure,43977.67,6,6,2,42716,C,15,RCP,32874,162.9681105,3,3.729,5.4128
pipe,43838.67,20,8,2,38539,C,66,RCP,38539,101.6559249,2,3.77,24.4688
pipe,43934.67,5,0,2,39590,C,18,CMP,31958,22.68278717,1,3.766,16.7912
pipe,43865.71,4,8,0,41365,C,15,RCP,28856,23.71008409,1,3.815,43.66
structure,44357.67,4,0,2,44048,C,18,RCP,30132,234.5359812,2,3.746,15.8928
pipe,44200.67,13,6,2,44049,C,42,RCP,31413,182.3120488,4,3.737,8.6112
pipe,43684.71,5,0,0,42600,C,15,RCP,35431,131.939898,4,3.733,6.2712
structure,43950.67,3,0,2,43593,C,42,PE,35431,20.01012165,4,3.716,14.168
structure,43950.67,2.5,0,2,43593,Z,48,PE,35431,73.30729307,4,3.714,5.08
pipe,43959.67,6,0,2,40092,C,36,CMP,27210,259.5162342,1,3.736,9.8552
pipe,44452.67,3.5,6,2,40120,C,18,RCP,27395,175.161515,4,3.739,5.6144
pipe,44022.67,3,8,2,40151,C,18,RCP,24473,61.66195703,1,3.739,6.4496
pipe,43943.67,7.5,0,2,43928,C,30,RCP,36445,46.13197755,2,3.731,23.504
structure,43123.67,7,0,2,43881,C,15,RCP,39034,143.095398,1,3.72,5.6
structure,43123.67,6.8,0,2,43880,C,15,RCP,39034,97.66739654,1,3.72,7.112
structure,43943.67,4,0,2,43712,C,36,RCP,41179,59.75191447,2,3.721,2.72
structure,43970.67,4,0,2,43724,C,24,RCP,33239,117.4897247,2,3.721,1.472
pipe,43277.67,15,6,0,43873,C,72,CMP,35796,101.8056237,1,3.725,0
pipe,43277.67,15,6,0,43873,C,72,CMP,35796,100.7484002,1,3.725,0
pipe,44497.67,8.5,6,0,41710,C,54,RCP,36526,111.5475107,2,3.889,34.056
pipe,43846.67,7.1,6,0,40870,C,54,RCP,33604,141.2445497,2,3.894,29.016
pipe,43846.67,6.8,6,0,40870,C,54,RCP,33604,48.22996953,2,3.894,16.2564
pipe,43846.67,7.7,6,0,41710,C,54,RCP,39448,80.74558274,2,3.894,23.064
pipe,43277.67,16,6,0,43840,C,60,RCP,34270,149.1951264,1,3.72,10.2592
pipe,43748.67,3.5,0,3,43864,C,36,RCP,0,29.39981041,1,3.72,10.5924
pipe,44134.71,4,0,2,41400,C,30,RCP,24838,65.91227322,1,3.815,2.72
pipe,44134.71,5,0,2,41400,C,30,RCP,24838,58.2295308,1,3.815,3.502
structure,43759.67,0,0,2,41402,C,12,RCP,31778,65.56242151,1,3.82,8.742
structure,43987.67,2,6,2,43711,C,24,RCP,37305,246.750953,2,3.719,14
structure,43973.67,2,0,2,43711,C,24,RCP,37305,246.750953,2,3.719,16.9952
structure,43987.67,2.3,6,2,43711,C,24,RCP,37305,25.48979774,2,3.719,14
structure,43973.67,2.3,0,2,43711,C,24,RCP,37305,25.48979774,2,3.719,16.9952
pipe,43889.67,8,6,0,34339,C,72,RCP,39448,13.78521467,1,3.698,26.04
structure,44323.67,8,0,2,41410,C,24,RCP,21916,209.3700139,1,3.821,4.784
structure,44323.67,13.5,0,2,41410,C,18,RCP,21916,27.79094566,1,3.821,24.6512
structure,44323.67,14.65,0,2,41410,C,18,RCP,21916,115.151302,1,3.821,16.3184
structure,44113.71,8.5,0,2,41414,C,18,RCP,20090,106.0247814,1,3.82,6.0384
structure,44113.71,8.5,0,2,41414,C,18,RCP,20090,106.0247814,1,3.82,7.7792
pipe,43047.67,9.5,10,0,43648,C,833,CMP,27210,118.1555472,2,3.72,45.36
structure,43795.71,6,0,2,41409,C,18,RCP,39994,23.23298417,2,3.877,12.656
structure,43795.71,6.3,0,2,41409,C,15,RCP,38718,137.6818828,2,3.873,14.336
structure,43795.71,11.2,0,2,41409,C,12,RCP,19725,39.78358027,1,3.878,7.0656
structure,43846.71,13.25,0,2,41409,C,30,RCP,0,60.00528449,2,3.877,9.9728
structure,43846.71,13.25,0,2,41409,C,30,RCP,0,60.00528449,2,3.877,15.176
structure,43846.71,3.5,0,2,41409,C,30,RCP,0,208.1097496,2,3.877,5.6816
pipe,44148.71,3.2,0,2,41411,C,30,RCP,32582,18.28324633,2,3.885,4.68
pipe,43955.67,5,0,2,41424,C,54,RCP,34075,80.0653326,2,3.87,33.792
pipe,43955.67,5,0,2,41424,C,54,RCP,34075,79.6234015,2,3.87,33.792
pipe,44095.71,4.2,0,2,39846,C,30,RCP,23017,187.982239,1,3.706,18.7856
pipe,44096.67,3.6,6,0,43468,C,24,RCP,24782,296.2457315,2,3.714,23.4
pipe,44188.67,2,6,8,39850,C,15,RCP,38604,17.98679078,1,3.706,7.2416
pipe,44188.67,2,6,8,39897,C,15,RCP,38604,7.326991328,1,3.706,7.2416
pipe,44119.67,3,8,2,43544,C,18,RCP,33288,28.39922953,4,3.763,13.688
pipe,44119.67,3,8,2,43544,C,18,RCP,33288,13.02493163,4,3.763,0
structure,44183.67,4,6,2,41940,C,30,RCP,39448,154.462088,1,3.856,4.5632
structure,44183.67,3,6,2,41940,C,18,RCP,39448,23.78759011,1,3.858,4.5632
pipe,44320.67,8,10,2,43664,C,48,RCP,36647,107.1989122,1,3.72,14.2352
pipe,44320.67,8,10,2,43664,C,48,RCP,36647,107.1989122,1,3.72,14.2352
pipe,43306.67,8.5,10,0,41463,R,48,RCP,39996,27.95599534,2,3.72,4.536
pipe,43306.67,10.3,10,0,43668,R,48,RCP,39996,50.39958094,2,3.72,4.536
pipe,43306.67,10.55,10,0,43668,C,72,RCP,39996,58.21938658,2,3.72,17.2224
pipe,43889.67,3,6,0,39891,C,15,RCP,18264,23.68615419,2,3.69,2.0832
structure,43893.67,7.5,6,2,42837,C,18,RCP,20821,50.77905706,1,3.749,29.264
structure,44356.67,3.5,0,2,41485,C,15,RCP,40750,28.50962324,1,3.885,12.6654
structure,44356.67,3,0,2,41485,C,24,RCP,40750,78.12921101,1,3.885,15.5496
structure,44356.67,3,0,2,41486,C,24,RCP,40750,27.5098049,1,3.885,15.5496
structure,44356.67,3,0,2,41486,C,18,RCP,40750,105.9454247,1,3.885,15.5496
structure,44356.67,3,0,2,41486,C,15,RCP,28671,52.04868345,1,3.885,14.0866
structure,44356.67,3.5,0,2,41486,C,18,RCP,27210,208.586296,1,3.885,3.498
structure,44153.71,1.3,8,0,41521,C,15,RCP,27210,156.5003224,1,3.723,6.3616
structure,44063.67,6.3,6,0,41508,C,60,RCP,22647,200.3839051,2,3.728,4.0656
structure,44063.67,7.3,6,0,41508,C,48,CMP,24289,24.2611529,2,3.728,4.0656
structure,43943.67,7.5,6,2,41514,C,15,RCP,38604,51.91926894,4,3.716,6.7712
structure,43943.67,7.5,6,2,41513,C,15,RCP,38604,79.32923845,4,3.716,6.7712
pipe,43805.71,6,0,2,39899,C,15,RCP,21916,25.31168427,1,3.727,16.6208
pipe,43805.71,7,0,2,39899,C,15,RCP,21916,42.93244671,1,3.727,14.0296
pipe,43805.71,6,0,2,39899,C,15,RCP,38604,23.43468152,1,3.727,12.936
structure,43173.67,7,6,2,39899,C,15,RCP,38604,25.69634696,2,3.725,6.7712
structure,43173.67,7,6,2,39899,C,15,RCP,21916,110.4468301,2,3.725,6.7712
structure,43720.67,3.4,6,2,39904,C,24,RCP,37622,196.6897481,1,3.713,4.5632
structure,43658.67,6.2,6,2,39904,C,24,RCP,37622,417.2623429,1,3.715,5.6672
structure,44238.71,3.5,3,2,39919,C,15,RCP,21551,65.44954544,1,3.692,4.1216
structure,44238.71,3.5,3,2,39919,C,12,PE,21551,80.17747941,1,3.692,3.0464
pipe,44137.71,4,0,2,41656,C,18,RCP,20637,286.6315389,1,3.805,12.8576
pipe,44137.71,4,0,2,41656,C,18,RCP,20637,286.6315389,1,3.805,16.6208
pipe,44077.67,2.7,0,2,41661,C,30,RCP,0,159.9862294,4,3.795,4.429
structure,43938.67,11,0,2,41667,C,30,RCP,37437,108.3465205,1,3.793,13.2912
structure,43966.67,5,0,2,41681,C,15,RCP,37437,43.50327863,2,3.805,4.76
structure,43966.67,5,6,3,41681,C,15,RCP,29489,74.5488786,1,3.802,36.7
structure,43966.67,4,6,3,41681,C,36,CMP,37437,36.01829268,2,3.805,28.7728
structure,43966.67,7,6,3,41681,C,36,CMP,37437,72.61021367,2,3.805,21.2464
pipe,43810.67,5.5,0,2,41687,C,54,CMP,37437,41.35415832,1,3.803,16.6448
pipe,43810.67,6.8,4,0,41687,C,54,CMP,37437,118.7605454,1,3.803,23.8272
pipe,43810.67,6.9,8,0,41687,C,54,CMP,37437,52.27367948,1,3.803,22.3584
pipe,43810.67,6.05,6,0,41687,C,54,RCP,37437,28.7648077,1,3.803,3.0912
pipe,43810.67,7,8,0,41687,C,54,CMP,37437,49.56720473,1,3.803,26.7648
pipe,43810.67,8.1,0,2,41687,C,54,CMP,37437,75.74840848,1,3.803,20.424
pipe,43753.67,5,0,0,41687,C,24,RCP,37437,71.83716821,1,3.803,15.8184
pipe,43895.67,6,0,2,41690,C,54,CMP,23377,269.3221424,4,3.796,12.08
pipe,44270.67,3,0,2,41715,C,15,RCP,21916,142.3984016,1,3.866,20.4624
pipe,43847.71,5.45,0,2,41703,C,42,CMP,23396,56.95117816,1,3.872,13.6652
pipe,43847.71,4.85,0,2,41703,C,42,CMP,22647,190.2524827,1,3.87,13.6652
pipe,44509.21,5.5,0,8,41710,C,60,CMP,28856,60.71541433,2,3.88,14.768
pipe,44497.71,7.5,6,0,41710,C,60,RCP,39083,18.88607479,2,3.892,5.208
pipe,44497.71,8.5,6,0,41710,C,60,RCP,36526,36.03435954,2,3.889,30.888
pipe,44497.71,8,6,0,41710,C,60,RCP,36526,19.50761323,2,3.889,29.016
pipe,43846.67,7.4,6,0,41710,C,54,RCP,39448,27.07209716,2,3.894,23.064
pipe,44503.71,8,8,2,41722,C,24,RCP,35976,51.31755486,1,3.726,13.688
pipe,44503.71,8,8,2,41722,C,24,RCP,35976,190.760077,1,3.726,13.688
pipe,44004.67,8,8,2,41723,C,36,RCP,20090,55.15554187,1,3.719,7.0864
structure,43179.67,7,0,2,41731,C,30,RCP,40185,166.8584376,2,3.716,8.3312
structure,43943.67,5.5,6,2,39520,C,24,RCP,34008,61.06689093,1,3.904,14.77
structure,43943.67,7,6,2,39520,C,15,RCP,23377,154.7501194,1,3.915,12.67
pipe,44144.71,11.08,10,3,39519,C,24,RCP,18264,40.15344724,4,3.857,7.656
structure,43759.67,5,0,2,39520,C,18,RCP,39115,72.69676028,1,3.854,1.904
pipe,42843.67,7.95,10,3,39524,C,54,RCP,22899,57.67598092,2,3.864,28.32
pipe,42843.67,10.35,10,3,39524,C,54,RCP,22899,25.91259291,2,3.864,32.2704
pipe,42843.67,11.8,6,3,39524,C,54,RCP,37211,96.67503437,2,3.864,26.325
pipe,42843.67,10,6,3,39524,C,48,RCP,37211,23.21957174,2,3.866,26.532
pipe,43151.67,6.45,6,8,41739,C,66,RCP,25541,90.55253361,2,3.802,8.9936
pipe,43151.67,7.1,6,0,41739,C,66,RCP,25541,25.53826632,1,3.805,3.0912
pipe,43151.67,7.15,6,0,41739,C,60,RCP,25541,56.6341149,1,3.805,2.5872
pipe,43151.67,6.95,6,0,41739,C,60,RCP,22282,18.19999997,1,3.805,9.9912
pipe,44328.67,4,0,2,41743,C,15,RCP,24397,24.14101565,1,3.807,1.904
pipe,44328.67,4,0,2,41743,C,15,RCP,24397,92.32421172,1,3.807,7.8416
pipe,44418.67,4.5,0,2,41743,C,15,RCP,24397,186.0847185,1,3.807,18.5024
structure,43952.67,3.75,4,2,41757,C,30,RCP,0,55.89063113,1,3.815,16.64
structure,43952.67,3.75,4,2,41744,C,48,RCP,0,24.75544466,1,3.811,21.2432
structure,43844.71,2.5,6,2,41757,C,24,RCP,31807,431.6303729,1,3.783,9.9056
structure,44236.71,5,0,2,44071,C,36,RCP,24289,100.7353367,1,3.726,14.7392
structure,44215.71,2,6,8,41782,R,84,RCP,39172,129.867878,1,3.713,8.432
structure,44070.67,3.5,8,8,41772,C,15,RCP,26299,192.2610445,4,3.705,9.656
structure,44169.71,4,0,2,41772,C,15,RCP,38718,30.89624213,4,3.705,19.0688
structure,44427.67,5,8,8,41773,C,48,CMP,39172,119.2825566,1,3.708,11.7968
structure,43871.71,4.4,0,2,41768,C,15,RCP,41790,26.31043573,2,3.745,12.488
structure,44242.71,6,0,2,41772,C,15,RCP,37622,14.39509962,2,3.747,3.68
pipe,44144.71,11.06,10,0,39519,C,24,RCP,41801,27.32527524,4,3.857,3.024
pipe,44144.71,11.64,10,8,41801,C,24,RCP,41801,13.04707099,4,3.857,13.032
pipe,43948.67,5,0,2,41799,C,42,CMP,0,89.90901607,1,3.856,11.7176
structure,44148.71,2,0,2,41795,C,15,RCP,37605,48.09012464,1,3.804,14.5136
structure,44463.67,1.9,0,0,41807,C,15,RCP,35165,28.05526588,1,3.797,4.3824
structure,44463.67,2.6,0,2,41807,C,18,RCP,27210,104.831519,1,3.797,12.4832
structure,44463.67,2.7,0,0,41807,C,15,RCP,27210,74.10829022,1,3.797,13.944
structure,43276.67,7,6,2,41816,C,24,RCP,40225,38.11492506,1,3.784,18.7616
structure,43276.67,7,6,2,41794,C,15,RCP,24838,160.4152571,1,3.802,21.056
structure,43276.67,7,6,2,41806,C,18,RCP,29587,24.4459464,1,3.799,21.056
pipe,43985.67,8.5,10,0,41808,C,66,RCP,29952,166.1011455,2,3.798,27.216
pipe,43985.67,8.5,10,0,41806,C,66,RCP,29952,160.7180607,2,3.798,27.216
structure,43276.67,7,8,2,41793,R,120,RCP,24473,65.47168925,2,3.801,19.9424
pipe,43810.71,2,10,0,41802,C,24,RCP,38625,88.35828657,1,3.693,24.2424
pipe,43935.67,10.7,8,2,39930,R,108,RCP,38625,31.91834126,1,3.693,18.792
structure,44050.67,4.5,6,2,39930,C,24,RCP,38625,63.74769633,1,3.693,5.6672
structure,44050.67,3.4,4,2,39930,C,18,RCP,38625,131.1360529,1,3.693,5.0048
pipe,44278.67,2.5,6,2,39937,C,15,RCP,33688,42.82179951,1,3.698,4.4908
pipe,43626.67,6.75,6,8,39939,C,18,RCP,36526,438.1904778,1,3.699,24.2
pipe,43626.67,5.3,6,8,41809,C,15,RCP,7306,355.159024,1,3.701,24.2
pipe,43626.67,5.2,6,8,41809,C,18,VCP,5480,95.99914571,1,3.701,26.6
pipe,43626.67,5.2,6,8,39940,C,12,VCP,36526,17.43563866,1,3.701,26.6
pipe,43626.67,4.85,6,8,41809,C,12,VCP,36526,28.92753239,1,3.702,26.6
pipe,43626.67,4.75,6,8,39940,C,12,VCP,36526,225.4385501,1,3.702,26.6
pipe,43626.67,4.8,6,8,39940,C,12,VCP,36526,96.29571667,1,3.702,26.6
pipe,43626.67,4.3,6,8,39940,C,12,VCP,36526,112.0533794,1,3.702,26.6
pipe,43626.67,3.4,6,8,39940,C,12,VCP,36526,26.23931418,1,3.705,26.6
pipe,43626.67,2.15,6,8,39940,C,12,VCP,36526,39.99500612,1,3.705,26.6
pipe,44463.71,3,0,2,39182,C,24,CMP,39171,70.67601381,2,3.75,0
pipe,44351.67,13,6,2,41879,C,36,CMP,23012,99.79222202,1,3.751,27.5336
pipe,44307.67,8,0,2,40085,C,48,CMP,41790,125.948703,4,3.73,12.9032
structure,43696.71,2,6,2,41890,C,15,RCP,41790,43.68292658,4,3.734,12.488
pipe,44216.67,5.5,0,0,41893,C,48,RCP,41790,224.5712351,4,3.736,11.8872
pipe,43913.67,9,0,0,41898,C,30,RCP,40179,203.0994702,1,3.747,9.936
pipe,43929.67,7.54,10,8,39769,C,30,RCP,18994,138.1809356,1,3.841,9.344
pipe,43929.67,7.3,6,8,39769,C,42,RCP,11689,8.060351814,1,3.836,8.9936
pipe,43929.67,8.47,10,8,39770,C,30,RCP,16803,13.89796443,1,3.841,12.264
pipe,43739.67,9.3,10,8,39770,C,24,RCP,13150,19.31136644,1,3.841,10.512
pipe,43739.67,6.43,8,8,39769,C,24,RCP,43229,50.02554273,1,3.841,31.1696
pipe,43739.67,5,0,0,39769,C,24,RCP,13150,84.7315264,1,3.841,18.3456
pipe,43929.67,7.57,6,8,39770,C,42,RCP,11689,9.825069826,1,3.836,8.9936
pipe,43929.67,6.88,6,8,39770,C,36,RCP,14611,247.0104247,1,3.836,8.9936
pipe,43929.67,7.95,10,8,39770,C,36,RCP,16803,80.70154399,1,3.836,11.096
pipe,43929.67,9.2,10,8,39770,C,24,RCP,16803,108.3326935,1,3.841,10.512
structure,43951.67,5.1,0,2,39772,C,15,RCP,17899,32.09070918,1,3.847,7.2128
structure,43963.67,8,8,2,39773,C,15,PE,20821,128.4505029,1,3.839,20.6912
structure,43963.67,8,8,2,39763,O,29,RCP,20090,32.27556426,1,3.831,7.9856
structure,43881.71,2.7,0,2,39773,C,24,RCP,32689,8.234497702,1,3.857,6.1088
pipe,44166.71,6,3,2,39763,C,60,CMP,37257,22.68991984,2,3.838,5.588
pipe,44495.71,2.3,0,2,41948,C,15,RCP,38839,29.27919899,1,3.854,18.5024
structure,43432.67,7.5,10,2,41946,C,18,RCP,36161,121.5132192,1,3.745,5.984
structure,43860.71,4.5,0,2,41950,C,15,RCP,31048,145.2082484,4,3.773,1.088
structure,43860.71,6,0,2,41950,C,15,RCP,31048,82.32470431,4,3.773,1.472
pipe,44200.67,5.5,0,3,41975,C,36,CMP,24838,146.7960846,1,3.841,12.222
pipe,43230.67,8.5,8,3,41974,C,66,CMP,28671,26.49010658,2,3.881,37.8
pipe,43700.67,4.25,8,0,41978,C,15,RCP,28671,53.58908637,1,3.88,4.5024
pipe,43700.67,4.4,6,3,41978,C,15,RCP,28671,166.2678184,1,3.882,8.1
pipe,44057.67,4,0,2,41995,C,24,RCP,26672,134.7952092,2,3.863,5.3312
pipe,44075.71,4.5,0,2,42002,C,36,RCP,29587,68.56441659,2,3.866,16.5968
pipe,43914.67,3,0,2,42010,C,15,RCP,24397,24.1609234,2,3.853,3.276
pipe,43915.67,3.5,6,2,42010,C,15,RCP,24108,168.7727592,2,3.853,6.0168
pipe,43915.67,3.5,6,2,42010,C,15,RCP,24108,168.7727592,2,3.853,6.8448
pipe,43903.71,0,0,2,42031,C,15,RCP,39457,152.3640463,3,3.859,11.7876
pipe,44231.71,3,0,2,42010,C,24,CMP,20637,67.39658478,4,3.754,3.96
structure,43055.67,5.7,10,2,42012,C,15,RCP,20637,27.76451981,1,3.747,7.544
pipe,44368.67,7,6,8,42016,C,15,VCP,20637,93.59570351,1,3.739,8.432
pipe,44371.67,10,0,8,34491,C,36,RCP,27760,303.9297246,1,3.7,20.502
pipe,43805.71,0,0,2,43815,C,15,RCP,18264,168.8023671,1,3.73,12.4832
pipe,43437.67,20,0,2,40224,R,84,RCP,40185,294.4888955,1,3.709,36.344
pipe,43437.67,20,0,2,40224,R,84,RCP,40185,295.3812104,1,3.709,32.648
pipe,43935.67,10.7,8,2,39930,R,108,RCP,38625,70.19227965,1,3.693,6.8544
pipe,44412.67,10,0,2,39968,C,30,RCP,33967,153.0089583,4,3.715,12.168
pipe,43844.71,7,0,0,42081,C,30,RCP,36290,124.3428145,2,3.829,6.552
pipe,43381.67,12,10,0,42842,A,96,RCP,31958,78.02160341,1,3.758,8.316
pipe,43941.67,4,0,2,42108,C,18,RCP,32400,47.02203407,2,3.796,1.496
structure,43979.71,4.3,0,2,42101,C,18,RCP,32686,10.0136834,1,3.737,24.1664
pipe,43686.67,4,0,2,42102,C,18,RCP,35431,44.97325607,1,3.734,11.7872
pipe,43768.67,6,0,2,42111,R,48,RCP,25204,65.82855785,1,3.756,7.0448
pipe,43768.67,6,0,2,42111,R,48,RCP,38718,97.23362459,1,3.756,29.744
structure,44063.67,6.9,6,2,43272,C,15,RCP,39982,25.36353293,2,3.707,5.6672
pipe,43817.71,6.2,0,2,42136,C,15,RCP,35431,149.7481339,1,3.711,0
structure,43055.67,8.4,10,2,42137,C,30,RCP,39192,70.57792509,2,3.707,8.832
pipe,43110.67,10,8,0,44174,C,60,RCP,39225,73.86139312,2,3.786,6.8376
pipe,43298.67,7.5,6,0,43313,R,72,RCP,20455,38.56399976,2,3.741,9.5872
pipe,43298.67,7.5,6,0,43313,R,72,RCP,20455,57.70367884,2,3.741,9.5872
pipe,43600.67,7.3,8,0,42165,O,48,CMP,31572,11.24381975,1,3.84,33.938
pipe,43600.67,7.55,8,0,42165,O,48,CMP,31572,28.65328447,1,3.84,33.938
pipe,43600.67,7.4,8,0,42165,O,48,CMP,31572,11.28174876,1,3.84,28.968
pipe,43600.67,7.6,8,0,42165,C,78,CMP,21916,60.79152752,1,3.837,24.8064
pipe,44314.67,2.5,0,2,40262,C,15,RCP,35801,53.73245077,1,3.758,5.984
pipe,44089.67,6,0,2,40367,C,30,CMP,21916,105.9251545,1,3.765,20.4152
pipe,44110.71,4,0,2,44342,O,36,RCP,37622,164.9579904,4,3.681,6.968
pipe,44141.71,4.75,0,2,44349,C,24,RCP,36987,116.9915532,2,3.672,6.968
pipe,43893.67,8,6,0,42576,C,72,RCP,38996,60.5702509,2,3.902,5.6672
pipe,43893.67,8,6,0,42576,C,72,RCP,38996,61.58148039,2,3.902,27.404
pipe,44397.67,8.6,0,2,42257,C,36,CMP,0,32.15776934,2,3.769,12.168
pipe,44397.67,7,0,2,42257,C,36,RCP,0,38.41249223,2,3.769,21.4544
pipe,44511.71,4,0,2,42263,C,18,RCP,37987,371.2199449,1,3.768,23.192
pipe,43881.71,3,0,2,43195,C,15,RCP,31048,241.7150562,2,3.794,17.576
pipe,44021.67,12,0,2,42268,C,90,CMP,28471,128.4925026,2,3.793,30.7848
pipe,44117.67,4,0,0,43377,C,18,RCP,40371,45.93365301,2,3.783,0.672
pipe,43915.67,2.5,0,2,43369,C,15,RCP,34335,16.26752652,4,3.781,11.3552
pipe,43915.67,5.5,0,2,43369,C,48,CMP,25934,234.4309162,4,3.781,15.3416
pipe,44163.67,10,8,0,43375,C,48,RCP,40372,19.06587873,2,3.783,6.8376
pipe,43432.67,10,8,0,43375,C,48,RCP,40372,25.45838868,2,3.783,6.8376
pipe,43432.67,10,8,0,43375,C,48,RCP,40372,19.95726336,2,3.783,6.8376
pipe,43829.67,5.5,0,2,43640,C,24,RCP,31778,182.0616707,2,3.716,4.16
pipe,44148.71,3,0,2,42300,C,36,CMP,23012,95.92239272,2,3.905,4.452
pipe,42843.67,9,10,3,43598,C,48,CMP,34219,30.15156957,2,3.799,11.07
pipe,42843.67,9,10,3,43598,C,48,CMP,34335,52.62329065,2,3.799,48.888
structure,44250.67,4,0,2,43503,C,15,PE,40147,107.8784868,2,3.826,17.864
pipe,44242.71,6,0,2,43501,C,48,RCP,34335,130.3816109,2,3.824,19.8942
structure,44064.67,4.5,0,2,43668,C,24,RCP,41254,149.2621128,2,3.72,12.4832
pipe,43733.67,3,0,2,42347,C,15,RCP,30682,148.1143322,1,3.82,23.128
pipe,43985.67,6,0,2,40087,C,36,RCP,0,104.516005,4,3.714,2.72
structure,44013.67,4,0,2,43279,R,36,RCP,42916,25.51117741,4,3.719,22.6064
pipe,43836.71,0,8,0,40158,C,18,RCP,0,31.29903862,4,3.723,2.3856
pipe,43836.71,0,8,0,40158,C,18,RCP,0,176.1963072,4,3.723,1.8816
structure,43257.67,9,8,2,40191,C,15,RCP,0,31.40078491,3,3.724,12.0396
structure,43257.67,7,8,2,40191,C,15,RCP,0,110.2294318,3,3.726,11.0236
structure,43896.67,7,8,2,42402,C,15,RCP,29489,41.00389943,1,3.831,21.07
pipe,44165.67,4.2,0,0,42376,C,24,RCP,0,161.3479156,1,3.792,0
pipe,43453.67,8.75,8,2,44238,C,54,RCP,0,29.55486411,1,3.784,6.0384
pipe,43453.67,7.2,8,2,44238,C,54,RCP,0,32.84259846,1,3.784,5.4944
pipe,43453.67,6.95,8,2,44238,C,48,RCP,0,17.64228957,1,3.784,16.472
pipe,43453.67,8.4,8,2,44238,C,54,RCP,0,10.51349767,1,3.784,19.2864
structure,43838.67,6,8,2,44238,C,24,RCP,0,60.67481289,2,3.784,8.9404
pipe,43805.71,3,0,2,40176,C,18,RCP,0,111.1858735,2,3.822,3.63
pipe,44357.67,4,0,2,40206,C,24,RCP,0,162.3515993,2,3.819,12.8576
structure,43865.71,4,8,2,43503,C,78,CMP,0,45.51393489,2,3.729,5.2256
structure,43865.71,4,8,2,43503,C,15,RCP,43423,44.29088915,2,3.729,5.2256
pipe,44105.67,6,8,8,42432,C,36,CMP,18994,67.14851018,4,3.695,29.4056
pipe,44063.67,0,0,2,42474,C,36,RCP,0,111.1025924,2,3.859,14.3312
pipe,44333.67,5,0,2,44090,C,42,CMP,31229,18.21952795,4,3.766,3.08
pipe,44314.67,5.5,0,2,44090,C,42,CMP,27030,131.6916699,4,3.766,11.7176
pipe,43889.67,1,0,8,39527,C,18,RCP,28671,19.26480356,2,3.909,5.46
pipe,43896.67,7,8,2,43524,C,54,RCP,39671,65.56247188,4,3.737,5.4944
structure,44022.67,10,0,2,43524,C,18,RCP,38909,25.0487202,4,3.752,3.752
pipe,44105.67,10,6,2,43524,C,18,RCP,38909,25.0487202,4,3.752,4.7328
pipe,44070.67,3.5,0,2,42240,C,24,RCP,30682,196.1612193,2,3.787,8.4224
pipe,44204.71,10,0,2,42545,C,48,PE,27210,97.39032571,1,3.788,18.4992
pipe,44204.71,10,0,2,42545,C,48,PE,27210,76.04505659,1,3.788,4.416
pipe,44141.71,4,0,2,41589,C,15,RCP,0,27.68279119,1,3.784,1.904
pipe,44141.71,3.5,0,2,41589,C,15,RCP,0,98.90167729,1,3.784,6.968
pipe,44141.71,5,6,2,41589,C,15,RCP,0,57.66907996,1,3.784,20.922
pipe,44201.71,4.3,0,2,41589,C,36,RCP,0,24.45237025,2,3.777,28.7408
pipe,44201.71,4.8,0,2,41589,C,36,RCP,0,10.42448666,2,3.777,19.1648
pipe,43868.71,4.8,6,3,41599,C,24,RCP,39715,23.66719848,1,3.761,4.0176
pipe,43868.71,4,0,2,41599,C,30,CMP,19360,17.51698172,1,3.761,4.4
pipe,43868.71,4.4,3,8,41599,C,30,CMP,39715,62.70106498,1,3.761,9.5504
pipe,43868.71,3.5,0,2,41599,C,24,RCP,39715,144.49654,1,3.761,1.088
pipe,43979.67,4,0,2,42538,C,30,RCP,0,55.54147424,1,3.754,10.088
pipe,43943.67,7.5,8,0,42579,C,54,RCP,35611,16.15923524,1,3.77,3.3936
pipe,43943.67,7.5,8,0,42579,C,54,RCP,35611,22.39164975,2,3.77,3.1416
pipe,43174.67,8,8,0,42579,C,60,RCP,35611,62.91617428,2,3.755,19.596
pipe,43174.67,8,8,0,42579,C,60,RCP,35611,66.81504273,2,3.755,12.78
pipe,43943.67,10,8,0,42577,C,72,RCP,37431,113.2403767,3,3.685,8.0808
pipe,42894.67,7.7,8,0,42578,C,72,RCP,33419,84.25373537,2,3.763,19.596
pipe,43173.67,7,6,2,42578,C,60,RCP,33624,33.43201215,2,3.8,5.0048
pipe,43173.67,7,8,2,42578,C,60,CMP,37622,111.1367626,2,3.8,20.2184
pipe,43892.67,10,8,2,42580,C,60,RCP,0,43.87982138,2,3.901,35.4
pipe,42880.67,7.75,8,0,42583,C,72,RCP,37802,157.2672641,1,3.766,23.004
pipe,43923.67,8,6,2,42585,C,60,CMP,32689,56.79897406,4,3.709,28.52
pipe,43923.67,8,6,2,42585,C,60,CMP,32689,66.16118449,4,3.709,22.568
pipe,43923.67,8,6,2,42585,C,60,CMP,32689,65.74773724,4,3.709,10.672
pipe,43908.67,9,8,0,42592,C,66,CMP,37896,79.10593596,4,3.78,20.9304
pipe,43908.67,8,8,3,42592,C,72,CMP,38353,199.8300145,4,3.78,32.0694
pipe,43914.67,9,6,0,42592,C,72,CMP,35611,75.03865793,1,3.75,26.928
pipe,43006.67,13,0,2,42593,C,60,RCP,35796,105.9462758,2,3.778,17.6528
pipe,43006.67,14,8,2,42593,C,60,RCP,36526,248.7570124,2,3.779,21.9632
pipe,44211.71,6.5,0,2,42597,C,42,CMP,37896,16.64222814,1,3.749,22.9616
pipe,43440.67,6.5,6,0,42597,C,42,CMP,37896,16.64222814,1,3.749,31.248
structure,43943.67,7.3,0,2,40002,C,24,RCP,0,98.37376955,2,3.808,29.744
structure,43943.67,7.9,0,2,40002,C,30,RCP,0,123.9996122,2,3.808,6.1472
pipe,43991.67,1.5,0,2,40008,C,15,RCP,0,24.70592676,1,3.819,10.8896
pipe,44250.67,3,0,8,40008,C,15,RCP,0,77.76249899,1,3.819,3.212
pipe,44151.71,3,10,8,40008,C,15,RCP,0,16.34865848,1,3.819,9.344
pipe,44420.67,10,8,3,40009,C,48,RCP,0,134.2827227,4,3.838,24.6384
pipe,44420.67,10,8,3,40009,C,48,CMP,0,35.79512303,4,3.838,37.1664
pipe,44420.67,10,8,3,40015,C,48,CMP,0,52.52031344,4,3.838,30.4848
pipe,44420.67,10,8,3,40015,C,48,CMP,0,37.03766669,2,3.838,36.45
pipe,44431.67,5,8,3,40007,R,36,CMP,0,4.753687092,1,3.829,15.5944
pipe,44431.67,5,8,3,40007,C,36,CMP,0,10.1739455,1,3.829,15.5944
pipe,44431.67,5,8,3,33781,C,72,CMP,17533,32.84222181,1,3.829,41.038
structure,44497.71,8.5,6,2,42600,C,15,RCP,0,50.56981728,4,3.735,37.488
structure,43846.67,7.6,6,2,42600,C,15,RCP,0,114.7646895,4,3.735,11.408
structure,43846.67,6.6,6,2,42600,C,15,RCP,0,92.62777832,4,3.735,11.408
structure,44497.71,6.8,6,2,42600,C,54,RCP,36526,127.77297,2,3.735,14.3336
structure,43846.67,7,6,2,42600,C,54,RCP,0,5.67965371,2,3.736,10.1384
structure,44497.67,7,6,2,42600,C,24,RCP,36161,158.2551252,2,3.735,5.2088
structure,43846.67,7,6,2,42600,C,15,RCP,0,54.81848002,4,3.735,18.5288
structure,44497.67,7,6,2,42600,C,15,CMP,0,83.3159376,4,3.735,10.1384
structure,43277.67,7,6,2,40024,C,24,RCP,0,420.0415852,4,3.85,7.9092
structure,43277.67,0,6,2,40024,C,15,RCP,0,29.84503157,4,3.852,9.3288
structure,44475.67,5,0,2,40024,A,180,RCP,0,22.13445391,4,3.856,14.4272
pipe,44399.71,20,0,2,40022,C,60,CMP,0,176.7216456,4,3.823,17.516
pipe,44399.71,20,0,2,40022,C,48,CMP,0,326.6483752,4,3.823,27.3008
structure,43277.67,7.8,6,2,40022,C,60,CMP,0,389.2837418,4,3.821,0
structure,43277.67,6.3,6,2,40022,C,12,CMP,0,115.3023012,4,3.821,0
structure,44134.71,4,0,2,40079,C,18,RCP,29221,66.72573983,4,3.759,19.0256
structure,44134.71,5,0,2,40079,C,24,RCP,41303,58.84101119,1,3.758,3.128
structure,43889.67,8,6,2,42214,C,15,RCP,41275,120.2085293,1,3.811,14.7392
structure,43889.67,8,6,2,42214,C,84,CMP,41275,63.67809574,1,3.811,6.7712
pipe,44125.71,5.4,0,2,42626,C,36,RCP,0,110.4338946,1,3.848,10.088
pipe,43852.67,12.5,10,0,42605,C,36,RCP,0,257.8435232,1,3.673,37.38
pipe,43852.67,9.85,10,0,42605,C,54,RCP,39426,221.7306551,2,3.673,19.908
pipe,43852.67,9.15,10,0,42605,C,54,RCP,0,39.70996927,1,3.673,17.6328
structure,43047.67,7.3,10,0,43111,C,18,RCP,38548,44.09895887,1,3.876,11.2
pipe,43871.67,1.9,8,8,42682,C,15,RCP,0,25.93627458,1,3.79,12.2688
pipe,43871.67,1.6,8,8,42682,C,15,RCP,0,127.503511,1,3.79,10.9728
pipe,43277.67,17,8,3,39947,C,60,RCP,0,51.75421156,1,3.697,29.9892
pipe,44054.67,5,6,0,39952,C,30,RCP,0,241.2431767,1,3.701,2.5872
pipe,43902.67,4,10,8,39955,C,24,RCP,0,44.05288136,1,3.707,42.432
pipe,43902.67,4,10,8,39955,C,24,RCP,0,37.43673964,1,3.707,48.96
pipe,43902.67,4,10,8,39959,C,24,RCP,0,171.5313312,1,3.704,26.2964
pipe,43902.67,4,10,8,39959,C,18,RCP,0,173.5225209,1,3.704,22.562
pipe,43902.67,4,10,8,39959,C,18,RCP,0,112.3989516,2,3.704,26.2964
pipe,43902.67,4,10,8,39959,C,18,RCP,0,114.5214582,2,3.704,24.4292
structure,44095.71,3.8,0,2,42768,C,15,RCP,40571,13.97358647,1,3.779,25.6736
pipe,43733.67,8.5,0,2,42752,C,15,RCP,24670,26.90653965,1,3.74,8.3538
pipe,43186.67,7.5,6,0,42753,C,54,RCP,22241,61.76579102,1,3.744,20.088
structure,44188.67,2.2,6,8,42747,C,15,RCP,30317,85.6387044,1,3.73,8.432
structure,44188.67,2,6,8,42747,C,15,RCP,30317,92.54660904,1,3.73,8.432
structure,44188.67,2,6,8,42747,C,18,RCP,41090,192.7472063,1,3.732,8.432
pipe,44200.71,4.3,0,2,42746,C,15,RCP,22822,215.7004806,1,3.734,12.7232
structure,44119.67,3,8,2,40115,C,18,RCP,0,20.40859713,1,3.834,18.1232
pipe,44294.67,5,0,2,40137,C,36,RCP,0,131.4937145,2,3.845,15.236
structure,43306.67,10,10,2,42780,C,15,RCP,0,31.29861502,4,3.794,7.344
structure,43306.67,10.6,10,2,42780,C,15,RCP,0,29.46302914,4,3.794,7.344
structure,43306.67,10.5,10,2,42780,C,24,RCP,0,60.90587895,4,3.794,6.528
pipe,43748.67,1,0,8,39792,C,24,RCP,0,192.1771859,1,3.826,29.2432
pipe,44384.67,3,10,8,39792,C,15,VCP,0,45.94897198,4,3.829,42.704
pipe,44341.67,3,0,2,39792,C,24,PE,0,84.4964049,1,3.826,10.2608
pipe,44272.67,2,6,8,40441,C,18,RCP,0,160.8226148,4,3.711,0
pipe,44272.67,2,6,8,40441,C,18,RCP,0,160.8226148,4,3.711,8.1968
structure,44272.67,2,6,8,40442,C,15,RCP,0,134.3693339,3,3.712,8.432
structure,43889.67,3.5,6,0,40448,C,15,RCP,0,91.31338933,3,3.718,3.2736
structure,43889.67,3,6,8,40448,C,15,RCP,0,107.9714237,3,3.718,8.432
pipe,43193.67,11,8,0,42807,C,84,CMP,32044,45.81687707,2,3.746,44.712
structure,43805.71,0,6,2,42825,C,15,RCP,0,41.61569822,1,3.749,20.5616
pipe,43381.67,10,10,0,42842,C,60,RCP,0,17.52312199,1,3.758,4.032
pipe,43381.67,12,10,0,42842,C,60,RCP,0,65.09201404,1,3.758,4.032
structure,43805.71,7.3,0,2,43073,C,18,RCP,23389,25.78051585,1,3.821,21.3344
structure,43805.71,5.2,0,2,40098,C,30,CMP,23389,92.37940301,1,3.821,19.2512
structure,43805.71,7,0,2,40099,C,30,RCP,23389,115.3769976,1,3.821,16.9952
pipe,43055.67,5.2,10,2,42850,C,48,CMP,29221,53.35408608,4,3.753,25.8572
pipe,43055.21,5.7,10,2,42850,C,48,PE,25204,40.14834409,4,3.753,7.544
pipe,43055.21,5.85,10,2,42850,C,48,PE,29221,39.39945961,4,3.753,7.544
pipe,43055.67,8.4,10,2,42850,C,48,RCP,27030,38.99281871,2,3.753,8.4864
pipe,43055.67,6.55,10,2,42850,C,48,CMP,29221,61.34288048,2,3.753,33.1868
pipe,43914.67,8,8,0,42593,O,75,CMP,35611,48.05523399,2,3.768,36.0864
pipe,44277.71,3,0,2,42857,C,30,RCP,0,54.4087393,1,3.705,10.7062
structure,44127.67,3,6,2,42858,C,15,RCP,0,98.39048316,1,3.702,4.5632
pipe,44096.67,8,8,8,42866,R,48,RCP,28491,40.10565133,1,3.695,37.772
pipe,43735.67,4.5,0,3,42873,C,18,RCP,0,34.53361858,1,3.696,11.7528
pipe,43110.67,11,8,0,42594,C,66,RCP,0,31.78388581,2,3.816,18.396
pipe,43110.67,11,8,0,42594,C,66,RCP,0,32.60994946,2,3.816,27.9
pipe,43110.67,11,8,0,42594,C,66,RCP,0,52.20221124,2,3.816,3.7296
pipe,44343.67,4.5,0,0,42880,C,30,CMP,0,85.19970827,1,3.712,10.7088
pipe,44225.67,2,8,8,42881,C,15,RCP,0,45.11995759,1,3.723,12.2688
pipe,43826.71,8.7,0,2,42893,C,36,RCP,0,87.04978421,4,3.743,3.1824
pipe,43826.71,12,0,2,42891,C,36,RCP,0,66.2358114,4,3.74,14.1336
pipe,42961.67,4.7,6,0,40631,C,24,RCP,0,38.58646713,4,3.749,16.2
pipe,43859.67,8.15,6,3,40631,C,48,RCP,0,32.85836872,2,3.75,32.868
pipe,43859.67,8.7,6,3,40631,C,48,RCP,0,10.15984647,2,3.75,6.6096
pipe,43859.67,8.3,6,0,40631,C,72,CMP,0,6.669668257,2,3.75,6.8544
pipe,43795.71,2,6,0,40631,C,24,RCP,0,156.3105417,2,3.749,12.492
pipe,43795.71,0,8,3,40633,C,15,RCP,0,234.1586014,2,3.749,22.8552
pipe,43892.67,2.5,6,0,40637,C,15,RCP,0,72.02575309,4,3.746,2.0832
pipe,44210.67,2.5,6,2,40637,C,15,RCP,0,72.02575309,4,3.746,3.3728
pipe,43892.67,6,6,0,40637,C,15,RCP,0,159.0344269,4,3.746,4.8832
pipe,44210.67,6,6,2,40637,C,15,RCP,0,159.0344269,4,3.746,6.8448
pipe,44210.67,6,6,2,40637,C,15,RCP,0,159.0344269,4,3.746,20.9244
structure,44137.71,4,0,2,43957,C,18,RCP,0,371.3670893,4,3.73,2.576
structure,44137.71,3.5,0,2,43957,C,18,RCP,0,26.48402268,4,3.727,3.68
structure,44137.71,3.5,0,2,43957,C,18,RCP,0,26.48402268,4,3.727,11.144
structure,43810.67,8.1,4,2,42909,C,15,RCP,0,45.4337178,1,3.709,29.4528
pipe,43718.67,9,8,8,42913,C,18,RCP,0,25.37232205,4,3.697,32.1408
structure,44270.67,3,0,2,42914,C,15,RCP,0,52.4730826,1,3.703,18.8652
structure,43847.71,5.5,6,2,42921,C,15,RCP,0,52.35657597,4,3.7,5.1152
structure,43847.71,5.4,0,2,42921,C,15,RCP,0,32.58592679,4,3.703,3.128
structure,44509.71,5.5,0,2,42913,C,24,RCP,0,13.22839974,4,3.697,14.768
structure,44497.71,7,6,2,42927,C,24,RCP,0,44.34537294,4,3.7,14.3336
structure,43846.67,7.7,6,2,42923,C,24,RCP,0,6.96390671,1,3.787,23.312
structure,43847.71,4.3,0,2,42933,C,48,RCP,38060,62.7416797,1,3.777,3.128
structure,43780.71,3.2,0,2,42933,C,18,RCP,0,28.00081699,1,3.722,5.08
pipe,43780.71,3.2,0,2,42933,C,18,RCP,0,28.00081699,1,3.722,11.8384
pipe,43780.71,4.2,0,2,42933,C,24,RCP,39829,8.376090257,1,3.722,20.384
pipe,43780.71,2.2,0,2,42933,C,15,RCP,0,77.32191148,1,3.722,19.942
structure,44428.67,3.1,6,8,42937,C,36,RCP,0,381.2907453,1,3.714,8.432
structure,43725.71,3.1,6,8,42937,C,36,RCP,0,381.2907453,1,3.714,21.5864
pipe,44007.67,2.5,0,2,42940,C,15,VCP,0,213.2276168,4,3.704,27.7536
structure,44144.71,10.8,4,2,42950,C,15,RCP,0,172.4921079,4,3.754,26.3424
structure,44144.71,11.35,10,2,42950,C,15,RCP,0,70.74849273,4,3.754,9.144
structure,44144.71,10.2,10,2,42950,C,30,CMP,0,78.51897099,4,3.754,6.624
pipe,43720.67,7.5,0,2,42956,C,48,RCP,18994,26.23918685,1,3.754,29.432
pipe,44111.67,7,0,2,42950,C,54,CMP,26299,241.1441225,4,3.756,15.3416
pipe,44111.67,9,0,2,42950,C,54,CMP,26299,269.2761267,4,3.758,20.424
pipe,44111.67,10.5,0,2,42950,C,54,CMP,26299,249.4133556,4,3.758,22.5552
pipe,44111.67,11.7,0,2,42950,C,54,CMP,32509,380.2122975,4,3.758,26.8176
pipe,44454.67,6,0,2,42393,C,18,RCP,40781,231.6395638,4,3.774,8.9552
structure,42843.67,9.7,10,2,42954,C,18,RCP,0,142.3084963,4,3.762,6.528
structure,42843.67,11,10,3,42954,C,48,RCP,0,367.7590892,4,3.76,9.45
structure,42843.67,12.55,6,2,42963,C,18,RCP,0,328.1966652,1,3.76,8.4272
structure,42843.67,10,6,3,42963,C,36,RCP,0,42.92636974,1,3.763,12.726
pipe,43972.67,2.6,6,8,42968,C,15,RCP,0,208.816585,1,3.8,9.4176
pipe,43987.67,2.05,6,0,42969,C,18,RCP,10594,84.44252781,1,3.799,16.3572
pipe,44441.67,4,0,2,42970,C,15,RCP,0,85.32877376,1,3.804,5.6816
pipe,43669.71,7,0,0,43381,C,48,RCP,40372,66.48987955,2,3.781,10.9848
structure,43151.67,6,6,2,43004,C,30,RCP,36789,307.4427251,1,3.795,4.1888
structure,43151.67,6.9,6,2,43004,C,48,RCP,0,71.60155261,1,3.791,6.7712
structure,43151.67,7.3,6,2,43004,C,48,RCP,0,190.8315917,1,3.791,5.0048
structure,43151.67,7,6,2,43004,C,48,RCP,0,44.88743618,1,3.791,4.1888
structure,43151.67,6.9,6,2,43004,C,18,RCP,0,280.9877732,2,3.791,4.1888
structure,44328.67,3.5,0,2,42993,C,24,RCP,0,49.30862439,1,3.821,3.68
structure,44328.67,4.3,0,2,42993,C,24,RCP,0,24.97092229,1,3.821,3.68
structure,44418.67,3.6,0,2,42993,C,24,RCP,0,115.587167,1,3.821,3.68
structure,44418.67,5.2,0,2,42993,C,24,RCP,0,116.1990961,1,3.821,3.68
pipe,43875.71,6.5,0,2,41003,C,42,CMP,0,174.4182116,2,3.799,22.2272
pipe,43956.67,2,0,2,40997,C,18,RCP,0,197.1420374,1,3.793,6.968
pipe,44165.71,2,0,2,40997,C,18,RCP,0,197.1420374,1,3.793,6.968
pipe,43712.67,4,4,2,41009,C,18,RCP,0,46.89767794,1,3.801,21.9008
pipe,43712.67,3,0,2,41009,C,15,RCP,0,29.06434462,1,3.801,1.088
pipe,43857.71,5,0,2,41011,C,30,CMP,0,240.4271055,2,3.797,11.7176
pipe,44054.67,5,0,2,41011,C,30,CMP,0,240.4271055,2,3.797,18.2408
pipe,43971.67,3.5,0,2,41011,C,15,RCP,0,158.1127259,2,3.797,11.7876
structure,44144.71,11.92,10,2,43034,R,60,RCP,24026,26.57555829,2,3.757,6.624
structure,44201.71,5,0,2,43069,C,30,RCP,0,23.04364745,1,3.836,19.0256
structure,43948.67,3,0,2,43032,C,30,RCP,0,111.7361334,1,3.866,10.808
structure,43948.67,4.5,0,2,43032,C,30,RCP,0,49.99386609,1,3.866,7.2944
structure,44041.67,1.7,4,2,39288,C,15,RCP,0,20.47826032,1,3.749,4.9248
pipe,44356.67,7,8,2,40658,C,36,RCP,0,169.37513,4,3.71,7.8416
pipe,44356.67,7,8,2,40658,C,36,RCP,0,169.37513,4,3.71,11.0864
pipe,43256.67,12.3,8,3,40627,C,48,CMP,0,212.9368836,1,3.756,15.6104
pipe,44215.67,6,6,2,40644,C,24,RCP,0,128.8581542,4,3.765,7.9376
structure,43810.71,1,10,0,43083,C,24,RCP,0,106.367194,1,3.891,3.948
pipe,44372.67,1,0,2,43083,C,24,RCP,0,106.367194,1,3.891,17.264
structure,43935.67,10.5,8,2,43054,C,15,RCP,0,29.57236047,1,3.886,6.8544
pipe,44174.71,3,0,2,43055,C,24,RCP,0,133.698333,1,3.881,2.574
pipe,43878.67,6.5,0,2,43055,C,15,RCP,0,44.45180737,1,3.873,16.5968
pipe,43878.67,6.5,0,2,43056,C,48,RCP,32689,21.38371776,1,3.855,8.036
pipe,44007.67,2,6,8,43054,C,12,RCP,0,33.06024136,1,3.879,29.0496
pipe,44007.67,1.25,6,3,43054,C,15,RCP,0,102.2917779,1,3.875,5.0576
structure,43881.67,4.8,6,8,40637,C,36,RCP,0,68.16457704,1,3.755,10.472
structure,43873.67,4.3,6,8,42221,C,18,RCP,31778,210.403835,2,3.757,13.532
structure,43626.67,8.3,6,2,43074,C,36,RCP,41107,62.80615187,1,3.69,22.56
structure,43626.67,5.2,6,2,40610,C,12,RCP,0,21.96202746,4,3.701,18.8
structure,43626.67,5.2,6,2,40610,C,42,CMP,0,184.0483348,4,3.701,17.6
structure,43626.67,5.2,6,2,40610,C,42,PE,0,6.64057843,4,3.701,18.8
pipe,43886.67,1,6,8,43075,C,12,RCP,0,21.11709027,1,3.908,33.8
pipe,43886.67,1,6,8,43075,C,12,RCP,0,19.40197833,1,3.908,33.8
pipe,43886.67,1,6,8,43075,C,12,CMP,0,19.96917501,1,3.908,38
structure,44152.67,6.6,0,2,43074,C,15,RCP,0,144.2724531,1,3.848,7.28
pipe,43871.67,1.5,6,8,39561,O,16,CMP,0,23.22391576,1,3.905,40.2
pipe,43886.67,1.25,6,8,39561,C,15,RCP,0,27.68007012,1,3.908,33.8
structure,43913.67,5,0,0,39562,C,15,RCP,0,80.87825939,2,3.905,3.2736
pipe,43868.67,1.25,0,2,39567,C,15,RCP,0,17.32402917,1,3.905,21.6384
pipe,43868.67,1,0,2,39567,C,12,CMP,0,14.80382503,1,3.905,9.2288
structure,44249.67,4.2,0,2,40060,C,18,RCP,0,402.0403411,4,3.729,4.592
pipe,44468.67,3.5,0,2,40032,C,15,RCP,0,64.90492096,4,3.731,14.432
structure,44495.71,2.4,0,2,40051,C,15,RCP,0,17.15178569,1,3.712,27.8432
pipe,44392.67,3,0,2,40051,C,15,RCP,0,51.88076168,1,3.712,2.266
structure,44495.71,2.1,0,2,40051,C,15,PE,0,9.362846558,4,3.712,27.8432
pipe,44117.67,4.5,0,2,40035,C,15,RCP,0,230.9498074,4,3.73,16.4
pipe,44117.67,4,0,2,40035,C,15,RCP,0,9.455247036,4,3.73,1.088
pipe,43885.71,2.5,0,2,40037,C,15,RCP,0,83.12018208,4,3.738,8.9552
pipe,43885.71,6.9,0,2,40037,C,24,RCP,0,37.62098676,1,3.741,12.0416
pipe,43573.67,16.5,4,8,40038,C,42,CMP,0,305.9770119,4,3.735,53.4896
pipe,43573.67,4.6,4,8,40039,C,42,CMP,0,38.09217359,4,3.735,28.7648
pipe,43573.67,22,4,8,40039,C,48,RCP,0,316.724154,4,3.735,44.208
pipe,43573.67,22,4,8,40039,C,48,RCP,0,313.0164268,4,3.735,10.5704
pipe,43956.67,5,0,2,40049,C,15,RCP,0,57.96086528,4,3.765,1.904
structure,43230.67,6.6,8,2,40043,C,12,PE,0,66.97675628,4,3.742,8.7376
structure,43230.67,5.8,8,2,40044,C,24,RCP,0,132.103271,4,3.746,11.1456
pipe,43720.67,7.95,10,0,40051,C,24,RCP,0,155.5759303,1,3.724,19.992
structure,43700.67,4.4,6,2,43980,C,12,RCP,44200,260.7495163,4,3.709,4.5632
structure,44075.71,4,0,2,39980,C,15,RCP,0,35.74948787,1,3.745,9.3104
structure,43915.67,2.5,0,2,43132,C,18,RCP,0,174.1849748,1,3.791,3.556
structure,43915.67,2.5,6,2,43132,C,18,RCP,0,174.1849748,1,3.791,12.8952
structure,43915.67,3.5,6,2,43132,C,15,RCP,0,86.42897031,1,3.791,8.0352
pipe,44057.67,5.2,0,2,43136,C,12,CMP,29221,35.25245003,1,3.79,7.568
pipe,44411.67,3,0,2,43158,C,15,RCP,0,141.7869738,1,3.792,10.824
pipe,43971.67,5,0,0,43311,C,24,RCP,43069,136.4974112,1,3.789,6.2712
structure,44208.71,3,0,2,43151,C,15,RCP,0,27.79988806,2,3.792,14.8332
pipe,43887.67,2,0,8,43158,C,15,RCP,27210,68.98929739,1,3.792,2.336
pipe,43888.67,1.2,0,2,43166,C,18,RCP,40787,42.72062127,3,3.708,1.472
pipe,43983.71,4.2,8,0,43153,C,18,RCP,0,21.00625081,2,3.791,16.284
pipe,43983.71,10,8,3,43153,C,72,CMP,29402,58.16375059,2,3.791,36.696
pipe,42948.67,7,8,0,43158,O,60,CMP,29221,133.6555738,2,3.789,29.4216
pipe,43348.67,8.3,10,0,43168,C,54,RCP,40918,117.0302956,2,3.744,23.184
pipe,43348.67,6.4,8,0,43168,C,60,RCP,40918,67.78368854,2,3.744,3.3936
pipe,44229.71,2.5,0,2,43251,C,12,VCP,0,36.7203465,1,3.792,1.472
pipe,44026.67,1.25,0,2,43251,C,15,RCP,0,31.91972692,1,3.795,23.6768
pipe,44026.67,1.25,0,2,43251,C,15,RCP,0,31.91972692,1,3.795,23.6768
structure,44273.67,2,0,2,43256,C,18,RCP,0,35.53044203,1,3.78,2.884
structure,44368.67,2,6,8,43179,C,36,PE,0,10.55881269,2,3.781,8.432
structure,43047.67,7.3,10,2,43251,C,15,RCP,0,31.21340514,4,3.795,6.8
pipe,44035.67,6,0,2,43179,C,18,RCP,0,222.8474345,4,3.768,20.768
pipe,44047.67,5.3,6,0,43179,C,24,RCP,0,329.2509874,1,3.784,11.7924
pipe,44253.67,5.5,8,2,43179,C,15,RCP,0,17.46201166,1,3.783,19.352
pipe,44253.67,4.4,8,8,43179,C,15,RCP,0,40.15033224,1,3.783,48.144
pipe,44335.67,5,0,2,43179,C,18,RCP,0,439.8940761,1,3.751,30.6
pipe,43822.71,1.6,10,2,43179,C,15,RCP,0,25.526864,1,3.777,8.832
pipe,44438.67,4.5,0,2,43179,C,36,RCP,0,87.74464502,4,3.786,3.502
structure,43935.67,10.9,8,2,40252,C,15,RCP,0,110.1287781,4,3.787,6.8544
pipe,43950.67,4.2,6,0,40262,C,15,RCP,0,152.9862422,2,3.782,18.3456
pipe,43451.67,26.5,8,0,40163,C,60,RCP,0,179.6284425,3,3.771,35.868
pipe,43845.71,3,0,2,40515,C,24,RCP,0,75.93254726,2,3.785,14.768
structure,43381.67,9.5,10,2,40519,C,30,RCP,0,59.49039265,4,3.786,29.52
structure,43381.67,8.4,10,2,40519,C,15,RCP,0,32.12997403,4,3.786,7.344
structure,42961.67,5,6,2,40520,C,15,RCP,0,41.73543152,2,3.786,18.8
structure,44468.67,4.5,0,2,40527,C,18,RCP,0,149.2592306,3,3.781,8.3182
pipe,44398.67,4.9,0,2,40527,C,42,RCP,0,49.50162061,4,3.782,6.3632
structure,43966.67,2,6,3,40529,C,15,RCP,0,51.81532285,3,3.781,27.5086
structure,43966.67,2,6,3,40529,C,30,RCP,0,202.3591844,3,3.782,34.3
pipe,44104.67,6.5,0,2,40492,C,24,RCP,0,130.146277,2,3.776,5.1968
pipe,44473.67,6.5,0,2,40492,C,24,RCP,0,130.146277,2,3.776,11.648
pipe,44452.67,3,0,2,40498,C,24,RCP,0,207.0315894,2,3.777,6.968
pipe,43790.71,2.5,0,2,43228,C,15,RCP,0,206.8414874,2,3.793,6.1008
structure,43686.67,2.5,0,2,43272,C,15,RCP,0,14.10158766,1,3.713,18.7856
pipe,43732.67,1.75,0,2,43300,C,18,RCP,0,42.14808101,1,3.79,18.3456
pipe,44249.71,4,0,2,43306,C,24,RCP,0,113.0821869,1,3.788,5.3792
structure,43110.67,6,8,2,43334,C,15,RCP,0,18.9380876,1,3.798,7.7044
structure,43110.67,6.3,8,2,43334,C,15,RCP,0,59.83643511,4,3.798,12.9256
pipe,44228.71,4,0,2,43349,C,15,RCP,0,139.078587,2,3.774,11.0828
structure,43950.67,2.5,0,2,43353,C,15,RCP,0,21.9068403,4,3.782,1.088
pipe,44274.67,2.5,0,2,43367,C,15,RCP,0,114.7353269,1,3.782,8.0674
pipe,44067.67,3,0,2,43368,C,18,RCP,0,45.61708908,1,3.779,2.884
structure,43600.67,6.9,8,0,43370,C,24,RCP,0,63.10724993,4,3.78,6.2216
structure,43600.67,7.4,8,0,43370,C,24,CMP,0,284.7775118,4,3.78,6.1248
structure,43193.67,8,8,2,43375,C,15,RCP,0,128.6253043,1,3.783,6.3104
structure,43908.67,10,8,2,43375,C,24,RCP,0,57.07534082,1,3.784,13.8
structure,43908.67,10,8,2,43375,C,18,RCP,0,65.00272,1,3.785,32.8512
structure,44285.67,2.5,0,2,43376,C,15,RCP,0,41.56476223,1,3.785,12.824
structure,44285.67,3,0,2,43377,C,15,RCP,0,22.79421126,4,3.782,12.824
pipe,43972.67,4,0,2,43377,C,15,RCP,0,126.3965527,2,3.782,3.036
structure,44126.67,3.5,6,2,43388,C,15,RCP,0,269.1965174,1,3.78,25.3328
pipe,44350.67,6.5,0,2,44242,C,18,RCP,0,208.1097792,1,3.785,6.1664
pipe,44393.67,6.5,0,2,44242,C,18,RCP,0,208.1097792,1,3.785,12.584
pipe,43893.67,6,6,0,43440,C,15,RCP,0,134.5717857,4,3.786,4.8832
structure,43983.71,10,8,2,43496,C,18,RCP,0,68.25288437,2,3.83,26.25
structure,44397.67,8.6,0,2,43502,C,18,RCP,43423,276.4527874,1,3.732,31.0128
structure,44397.67,6,0,2,43502,C,18,RCP,43423,124.7478299,1,3.732,28.7408
structure,44511.71,4,0,2,43503,R,84,RCP,43423,29.64141085,1,3.725,19.0256
structure,44511.71,4,0,2,43503,R,84,RCP,43423,5.744761651,1,3.725,14.168
structure,43881.71,3,0,2,43530,C,30,RCP,0,197.9744543,2,3.794,1.472
pipe,44105.67,6,6,2,43524,C,15,RCP,0,20.53182032,4,3.752,0
structure,44163.67,10,8,2,43529,C,12,PE,0,103.0184553,4,3.755,11.2776
structure,43432.67,10,8,2,43529,C,18,PE,0,117.3802432,2,3.752,8.1696
structure,43829.67,5,0,2,43528,C,24,RCP,0,14.55358462,3,3.751,1.088
pipe,44054.67,3,8,2,43546,C,15,RCP,0,222.6477262,1,3.763,25.278
structure,42843.67,9,10,2,43570,C,30,RCP,0,31.3424181,1,3.811,8.832
structure,44242.71,5,0,2,43563,C,18,PE,0,143.8813817,3,3.717,10.395
pipe,43971.67,3.55,6,8,43586,C,18,RCP,0,37.2916131,1,3.795,33.8
pipe,43971.67,3.5,8,0,43586,C,18,RCP,0,12.76596837,2,3.795,2.3856
pipe,43971.67,4.25,8,0,43586,C,15,RCP,0,26.34128218,1,3.797,21.948
pipe,43971.67,4.4,8,0,43586,C,15,RCP,0,245.1951276,1,3.795,30.444
pipe,43801.67,5.8,6,3,43587,C,48,RCP,0,147.0498598,2,3.795,27.3408
pipe,42843.67,5.5,10,0,43598,C,48,CMP,0,16.26177937,2,3.799,16.704
pipe,43676.67,4,8,8,43635,C,24,RCP,0,175.2184613,2,3.72,6.5408
pipe,43914.67,5.8,8,0,43634,C,15,RCP,0,45.58130271,1,3.719,7.704
pipe,44111.67,8,8,2,43637,C,18,RCP,0,211.8729714,1,3.72,13.688
pipe,44236.67,2.5,6,2,43640,C,15,RCP,0,119.5390139,2,3.719,7.9376
pipe,44236.67,2.5,6,0,43640,C,15,RCP,0,119.5390139,2,3.719,8.7984
structure,43836.71,0,8,0,43670,C,36,RCP,43109,145.7469549,2,3.855,4.5408
structure,43836.71,0,8,0,43675,C,24,RCP,43637,88.61467353,4,3.761,4.5408
structure,43836.71,0,8,0,43675,C,24,RCP,43637,12.89094348,4,3.761,5.1688
pipe,43817.67,20,0,2,44193,Z,24,RCP,0,119.1083008,1,3.774,2.72
structure,43970.67,6,0,2,0,C,36,RCP,43634,61.60684064,1,3.794,3.68
structure,43453.67,7.2,8,2,43714,C,15,RCP,0,103.3126545,2,3.718,30.104
structure,43453.67,10.3,8,2,43717,C,15,RCP,0,152.2510936,2,3.721,24.9312
structure,44468.67,5,0,2,43719,C,18,RCP,43374,20.14583976,1,3.82,10.976
structure,43805.71,3,0,2,43739,C,15,RCP,0,47.85989244,1,3.718,7.56
pipe,44358.67,5,0,3,43199,C,48,RCP,43724,57.28988886,1,3.793,4.212
pipe,43761.67,5.5,10,0,43767,C,18,RCP,0,203.3821985,1,3.779,29.2968
pipe,43804.71,4.5,0,2,43782,C,30,RCP,29850,37.01463428,1,3.711,29.5
pipe,43790.71,0,0,2,43791,C,15,RCP,0,104.7024766,1,3.772,11.648
pipe,43776.67,3,8,0,43791,C,15,RCP,0,93.79942847,4,3.743,21.948
pipe,43776.67,3,8,0,43791,C,18,RCP,0,71.29327754,4,3.743,2.3856
pipe,43776.67,4,8,0,43791,C,18,RCP,0,138.6055413,4,3.743,27.612
pipe,43776.67,3,8,0,43791,C,15,RCP,0,161.586952,1,3.743,24.78
pipe,43801.71,2.5,0,2,43802,C,15,RCP,0,25.78274726,2,3.784,2.884
pipe,43776.67,3,8,0,43791,C,15,RCP,0,219.4750222,1,3.742,27.612
structure,44322.67,5.9,0,0,43838,C,18,RCP,0,34.3393877,1,3.78,1.848
pipe,43851.71,1.5,0,2,43851,C,15,RCP,0,25.2205363,1,3.791,1.088
pipe,43846.71,5.5,0,2,43851,C,24,RCP,0,53.59470243,2,3.759,1.904
structure,43896.67,6,0,2,43844,C,15,RCP,0,103.9192146,2,3.72,4.232
structure,44105.67,9.5,6,2,43839,C,15,PE,0,63.60158076,2,3.722,22.56
structure,43186.67,7.7,6,2,43853,C,24,RCP,0,27.11199139,1,3.726,5.0048
pipe,43791.67,7.5,10,3,43853,C,18,RCP,0,27.45256895,1,3.726,4.212
pipe,43846.71,6,0,2,43864,C,36,RCP,0,111.3779764,2,3.907,10.088
pipe,43888.71,3,0,2,43882,C,15,RCP,0,62.34711652,2,3.78,14.0768
pipe,43888.71,3,0,2,43882,C,15,RCP,0,62.34711652,2,3.78,18.9104
pipe,43878.71,4.5,0,2,43882,C,24,RCP,0,175.1090478,4,3.744,6.968
pipe,43700.71,4,0,0,43896,C,24,RCP,0,97.97484441,2,3.764,15.5376
pipe,44021.67,4,0,2,43896,C,24,RCP,0,97.97484441,2,3.764,17.264
pipe,43672.71,15,6,0,43896,C,24,RCP,0,24.156157,1,3.848,21.948
pipe,43672.71,15,6,0,43896,C,24,RCP,0,42.29979145,1,3.848,19.3104
pipe,43696.71,0,0,0,43896,C,24,RCP,0,250.3713378,1,3.761,3.744
structure,44333.67,3.3,0,2,43908,C,15,RCP,0,151.1401501,4,3.734,13.5752
structure,44141.71,5,0,2,43908,C,24,RCP,0,79.52445884,4,3.734,14.336
structure,44141.71,3,0,2,43908,C,24,RCP,0,29.52953692,4,3.734,12.9344
structure,43868.71,2.2,0,2,43915,C,18,RCP,0,131.0421299,1,3.736,1.088
structure,44201.71,5.5,0,2,43917,C,24,RCP,0,76.69905876,2,3.734,26.0144
pipe,44141.71,0.5,0,2,43917,C,15,RCP,0,89.22568399,2,3.735,0
pipe,43872.67,5.8,4,0,43929,Z,18,RCP,0,125.6947815,4,3.763,3.4048
structure,44201.71,4.8,0,2,43928,C,15,RCP,0,50.8885255,1,3.728,14.168
structure,43868.71,4.4,0,2,43928,C,15,RCP,0,31.26319461,2,3.73,3.2
structure,43868.71,4.8,6,2,43929,C,15,RCP,0,24.03850808,2,3.732,5.6672
structure,43868.71,4.8,6,2,43929,C,15,RCP,0,107.303238,2,3.732,4.5632
structure,43868.71,4,0,2,43929,C,15,PE,0,114.3331793,2,3.732,3.68
pipe,43929.67,5,0,2,44084,C,18,RCP,0,169.6240668,1,3.757,6.968
structure,43893.67,6,6,2,43908,C,24,RCP,0,53.39024903,1,3.713,7.8232
structure,43852.67,6.1,10,2,43908,C,15,RCP,0,22.53756404,1,3.713,12.464
structure,43852.67,13.6,10,2,43908,C,18,RCP,0,31.07079709,1,3.713,42.008
structure,43943.67,6,6,2,43908,C,24,RCP,0,27.84823198,1,3.713,13.6112
structure,43943.67,4.5,8,2,43908,C,24,RCP,0,69.60918403,1,3.713,17.0344
structure,43174.67,6,8,2,43909,C,24,RCP,0,330.472548,1,3.713,21.56
structure,43174.67,6,8,2,43908,C,24,RCP,0,90.32566942,1,3.713,13.664
structure,43943.67,7,8,2,43908,C,36,RCP,0,62.05366836,1,3.714,8.7516
structure,43943.67,6,8,0,43908,C,36,RCP,0,105.873542,1,3.714,10.738
structure,43173.67,6.5,8,2,43909,C,48,RCP,0,84.54418838,2,3.715,7.4336
structure,43892.67,10,8,2,43909,C,12,PE,0,38.06136335,4,3.714,17.4
connectivity,44330.71,2.3,0,2,43909,C,15,RCP,0,106.3868977,1,3.714,12.5768
pipe,44330.71,2,6,2,43909,C,15,RCP,0,125.2754224,1,3.714,37.6464
structure,42880.67,7.83,8,2,43909,C,15,RCP,0,7.098933683,1,3.715,19.352
structure,42880.67,6.67,8,2,43909,C,15,RCP,0,100.0669303,1,3.715,23.876
structure,43118.67,7.67,8,2,43915,C,36,CMP,0,79.49114744,2,3.777,14.9648
structure,43110.67,11,8,2,43915,O,36,CMP,0,97.6983657,2,3.777,8.1696
structure,43110.67,11,8,2,43915,O,52,CMP,0,41.98895583,2,3.777,31.8
structure,43110.67,7.5,8,2,43915,O,52,CMP,0,77.30226656,2,3.777,13.0544
pipe,44181.71,8.5,0,2,43920,C,24,RCP,0,87.26956256,1,3.788,20.8608
pipe,43958.67,6.3,0,0,43927,C,30,CMP,0,33.00871589,2,3.806,16.14
structure,44484.67,5,0,2,43935,C,15,RCP,0,61.50148748,1,3.803,11.0192
structure,43908.67,8,8,2,43936,C,18,PE,0,105.1868907,1,3.803,24.596
structure,43440.67,4,6,2,43941,Z,24,RCP,0,51.73465417,1,3.759,11.408
pipe,43936.67,6,0,2,43941,Z,18,RCP,0,123.1672931,1,3.759,6.968
structure,44211.71,6,0,2,43941,Z,18,RCP,0,123.1672931,1,3.759,26.0144
structure,43440.67,6,6,2,43941,Z,18,RCP,0,123.1672931,1,3.759,27.0936
pipe,43937.67,8,6,2,43941,C,18,RCP,0,91.75293816,2,3.689,12.584
pipe,43936.67,6,0,2,43941,Z,15,RCP,0,164.3468049,1,3.767,9.776
pipe,43938.67,3,0,2,43941,C,15,RCP,0,107.8388418,1,3.782,11.7872
pipe,43938.67,3.5,0,2,43941,C,15,RCP,0,360.5145536,1,3.783,14.456
structure,43006.67,6.5,0,2,43945,C,30,RCP,43922,38.92191625,1,3.801,4.232
structure,43006.67,8,8,2,43945,C,15,RCP,43922,34.61828257,1,3.801,5.0864
structure,44420.67,10,0,2,43943,C,15,RCP,0,69.9745514,1,3.737,18.4992
structure,44272.67,5,0,2,43951,C,12,CMP,0,30.23615819,4,3.745,7.2944
pipe,43977.67,3,0,2,43957,C,12,RCP,0,109.0328847,1,3.771,3.864
structure,44103.67,13,10,2,43950,C,18,RCP,0,46.27238521,4,3.727,20.8304
structure,43945.67,3,6,2,43958,C,18,RCP,0,254.9107763,1,3.745,3.3728
structure,44399.71,5,0,2,43966,C,12,RCP,0,52.18476348,4,3.741,12.584
pipe,43893.67,17,8,0,43977,C,108,CMP,0,93.03297337,4,3.9,39.216
structure,44326.67,4,6,2,43979,Z,18,RCP,43739,93.28150365,2,3.71,14.7392
pipe,43985.67,5,0,2,43991,C,24,RCP,0,65.00455893,2,3.7,14.0768
pipe,43006.67,20,8,2,43997,C,60,RCP,0,75.04916156,2,3.778,37.76
pipe,44022.71,4,0,2,44125,C,15,RCP,0,208.0011058,2,3.692,18.5024
pipe,44172.67,4,6,0,44008,C,24,RCP,0,85.10945266,1,3.737,5.5552
pipe,43046.67,12,6,2,44263,C,36,CMP,0,82.72248754,3,3.714,0
pipe,43838.67,20,8,2,44025,C,66,RCP,0,108.6861557,2,3.77,10.1764
pipe,44014.67,1.3,0,2,44323,C,15,RCP,0,39.83339216,4,3.871,3.193
pipe,44027.67,4,0,0,44124,C,15,RCP,0,121.2797104,2,3.756,14.1494
pipe,43949.67,2.4,0,2,44033,C,15,RCP,0,67.94514173,2,3.742,6.968
pipe,43949.67,1.5,0,2,44033,C,15,RCP,0,135.5858499,1,3.742,6.968
pipe,44123.67,5.5,0,2,42249,C,24,RCP,0,131.2841366,1,3.771,10.3472
pipe,44027.67,1.5,0,3,44050,C,12,RCP,0,25.76361059,1,3.776,4.228
pipe,44200.67,13,6,2,44049,C,42,RCP,0,95.35325237,4,3.737,9.3132
structure,43852.67,11.4,10,2,44050,C,24,RCP,0,35.74370264,4,3.742,31.584
structure,43852.67,6.9,10,2,44049,C,12,RCP,0,6.829373375,4,3.742,14.2352
pipe,44067.67,4,0,2,44084,C,15,RCP,0,194.3460834,2,3.753,6.968
pipe,44090.67,7.1,0,2,44077,C,48,RCP,0,237.8154487,4,3.744,13.208
pipe,44040.67,1.25,0,0,44088,C,15,PE,0,12.08101265,1,3.709,6.9144
pipe,44095.71,3.6,0,2,39846,C,30,RCP,23017,125.1227558,1,3.706,22.6064
structure,43871.67,2,8,2,44083,C,15,RCP,0,259.1214835,3,3.755,9.2016
structure,43871.67,1.8,8,2,44083,C,15,RCP,0,39.87569862,3,3.755,9.2016
structure,43871.67,1.2,8,2,44084,C,18,PE,0,277.2423285,2,3.75,7.0104
pipe,44460.67,5,0,2,44084,C,15,RCP,0,209.7613289,2,3.755,16.3664
pipe,44104.67,5,0,2,43940,C,15,RCP,0,126.1197485,1,3.76,6.968
structure,43277.67,7.2,8,3,42934,R,48,RCP,12055,11.53220624,1,3.721,7.854
structure,43277.67,6.4,8,3,44105,C,30,RCP,44105,30.08849755,1,3.789,7.854
structure,43843.71,6,0,2,44006,C,36,RCP,0,37.33890133,2,3.74,2.72
pipe,43903.67,0,0,8,44006,C,15,RCP,0,51.28033726,1,3.74,4.752
structure,44054.67,5.6,6,0,44110,C,24,CMP,0,37.79485256,1,3.771,4.0656
structure,44054.67,3,6,0,44112,C,24,RCP,0,129.7386418,2,3.697,2.5872
pipe,44113.71,8.5,0,2,44112,C,24,RCP,0,112.4164367,2,3.697,27.9456
pipe,44111.71,4,0,2,44116,C,24,CMP,0,32.70479405,2,3.717,8.0936
structure,43873.71,3.2,0,2,44118,C,15,RCP,0,25.78503001,3,3.701,15.6704
structure,43873.71,3.2,0,2,44118,C,15,RCP,0,25.78503001,3,3.701,15.6704
structure,43873.67,3.1,0,8,44118,C,15,RCP,0,32.51595634,3,3.701,2.72
pipe,44126.71,6.4,0,2,44118,C,24,RCP,0,209.6413839,3,3.701,20.384
pipe,44137.71,2.5,0,2,44124,C,15,RCP,0,24.03168682,3,3.761,14.7392
pipe,44124.71,2,0,2,44134,C,12,PE,0,291.5982873,2,3.762,1.472
pipe,44124.71,2,0,2,44134,C,12,PE,0,141.4500339,2,3.762,21.5644
pipe,44123.71,2,6,2,44134,C,15,RCP,0,112.3735879,1,3.855,9.2256
structure,44200.71,3.4,0,2,44140,C,18,RCP,44140,26.88009025,1,3.919,28.7408
structure,44200.71,5.3,0,2,40613,C,24,RCP,0,25.22284335,4,3.734,9.3104
pipe,44201.71,5.5,0,2,44148,C,15,RCP,0,277.3304426,2,3.746,7.6112
pipe,44201.71,4.5,0,2,44148,C,15,RCP,0,65.25951976,2,3.748,22.2656
pipe,44152.71,3,8,8,44153,C,15,RCP,0,38.0374266,2,3.736,12.2688
pipe,43853.67,12.45,6,0,43860,C,24,RCP,0,53.88879849,2,3.708,15.5376
pipe,44151.71,7,0,2,44145,C,54,RCP,0,276.18656,1,3.759,13.208
structure,44341.67,3,0,2,44148,C,15,CMP,0,18.83251458,3,3.749,2.576
structure,44384.67,3,0,2,44148,C,15,CMP,0,24.02580547,3,3.748,23.7
structure,44341.67,3,0,2,44151,C,15,CMP,0,21.98793922,3,3.748,21.3344
structure,44341.67,3,0,2,44151,C,15,RCP,0,17.23322051,3,3.748,1.472
pipe,44175.71,1.8,0,2,44154,C,18,RCP,0,212.1710475,3,3.752,3.036
structure,44468.67,4,0,2,44159,C,12,PE,0,19.46740629,3,3.746,10.4864
pipe,44181.71,8,0,2,44174,C,15,RCP,0,26.91817623,2,3.768,12.8576
pipe,44181.71,8,0,2,44174,C,36,RCP,0,51.50698651,2,3.768,0
pipe,44174.67,5,6,2,43872,C,15,RCP,0,87.73736333,2,3.694,18.9104
structure,43801.71,3.3,0,2,44172,C,18,RCP,0,118.3384907,1,3.764,4.232
pipe,44200.71,4.5,0,2,43923,C,15,RCP,0,123.9520319,4,3.717,19.1984
pipe,44208.71,11,0,2,44182,C,15,RCP,0,133.8350979,2,3.784,9.9384
pipe,44155.71,3,6,8,44316,C,18,RCP,0,30.09019457,1,3.88,7.2416
pipe,44169.67,3.5,6,0,44207,C,30,RCP,30046,47.92932429,4,3.717,12.768
pipe,44181.67,4,6,8,44210,C,15,RCP,0,42.47624522,2,3.8,7.2416
structure,43949.67,6,0,2,44218,C,15,RCP,0,22.18608421,2,3.715,2.312
pipe,44236.71,3,6,3,44230,C,18,RCP,0,128.8252326,4,3.746,29.7
structure,43193.67,8,8,2,44222,C,12,PE,0,15.07342784,1,3.787,5.9024
pipe,44246.67,4.2,0,2,44245,C,15,RCP,0,144.0016048,2,3.805,14.0768
pipe,44250.67,3.5,0,2,44237,C,36,RCP,0,18.06527532,2,3.705,7.6112
pipe,44250.67,2.5,0,2,44237,C,15,CMP,0,49.63909648,3,3.706,7.6112
pipe,44250.67,5,0,2,44237,C,24,RCP,0,27.93073882,2,3.706,0
pipe,44246.67,3.5,0,2,44083,C,15,RCP,0,33.41321073,2,3.796,16.3664
pipe,44236.71,4,0,2,40974,C,24,RCP,38724,13.46577216,1,3.791,9.0944
pipe,44187.67,6,8,8,44257,C,15,RCP,0,63.72447121,3,3.685,18.2784
pipe,44250.67,2.5,0,2,44245,C,24,PE,0,71.98982704,1,3.787,1.472
pipe,44246.67,3.5,0,2,44083,C,15,RCP,0,72.8967504,2,3.796,9.4976
pipe,44251.67,3,8,2,44252,C,18,CMP,0,50.66107056,1,3.708,10.224
pipe,44251.67,3.5,0,2,44307,C,15,RCP,0,216.2272594,2,3.784,17.264
pipe,44049.71,3,0,2,44343,C,18,RCP,0,37.47770698,2,3.701,14.432
pipe,44187.67,7,0,2,44257,C,15,RCP,0,56.24013275,3,3.685,5.6816
structure,43381.67,11.6,10,2,44264,C,30,RCP,0,374.7601638,1,3.895,8.832
pipe,44294.67,3,0,2,43977,C,15,RCP,0,172.5373227,2,3.697,13.7456
pipe,44294.67,3,0,2,43977,C,18,RCP,0,26.59811229,2,3.697,12.8576
pipe,44294.67,2.5,0,2,43977,C,18,RCP,0,117.0310265,2,3.697,15.704
pipe,44294.67,2.5,0,2,43977,C,18,RCP,0,84.91344868,2,3.697,18.9104
structure,43055.67,4.7,10,2,44259,C,12,PE,0,167.4054082,2,3.887,26.468
structure,43055.21,5.7,10,2,44259,C,12,PE,0,159.1569889,1,3.887,7.544
structure,43055.21,6,10,2,44259,C,12,PE,0,150.6377875,1,3.887,7.544
structure,43055.67,8.4,10,2,44259,C,12,PE,0,186.5902651,2,3.882,8.832
pipe,43906.67,6.7,0,2,44011,C,36,RCP,0,75.60819616,4,3.779,11.0192
pipe,43906.67,6.33,6,0,44011,C,24,RCP,0,90.1436772,4,3.779,12.4872
structure,43955.67,7.3,8,2,44286,C,15,RCP,0,113.9190479,4,3.89,28.496
structure,44277.71,3,0,2,44295,C,18,RCP,0,18.59169373,3,3.736,9.0248
structure,44096.67,9.6,8,2,44305,C,15,RCP,0,26.94821074,2,3.78,8.1696
structure,44096.67,6.7,8,2,44305,C,15,RCP,0,275.009729,2,3.78,5.4944
pipe,44358.67,5,0,3,44330,C,48,RCP,43724,102.7578643,1,3.793,4.212
pipe,44341.67,3,0,2,44333,C,24,RCP,0,30.541487,1,3.819,16.6208
structure,44225.67,2,8,2,44314,C,15,RCP,0,5.941765117,3,3.788,9.2016
structure,44225.67,1.25,8,2,44314,C,15,RCP,0,16.93712767,2,3.788,7.0104
structure,43826.71,8.7,0,2,44329,C,18,RCP,0,130.9370613,3,3.709,5.148
structure,43826.71,12,0,2,44329,C,18,RCP,0,105.3756073,3,3.709,3.312
structure,42961.67,4.4,6,2,44344,C,18,RCP,0,32.25195978,1,3.672,3.3728
structure,43859.67,7.6,6,2,44344,C,15,RCP,0,32.47420126,1,3.669,29.264
structure,43859.67,8.7,6,2,44344,C,15,RCP,0,117.8654352,1,3.669,5.5488
structure,43859.67,8.7,6,2,44344,C,18,RCP,0,137.7819099,1,3.669,7.5072
structure,43859.67,7.9,6,2,44344,C,18,RCP,0,17.68791637,1,3.669,17.36
structure,43795.71,5,6,0,44344,C,24,RCP,0,214.0908241,1,3.669,20.5368
structure,43795.71,0,0,0,44344,C,15,RCP,0,63.13215276,1,3.672,2.838
structure,43795.71,3,0,0,44348,C,12,RCP,0,25.92950865,1,3.671,14.964
pipe,44047.67,6,6,0,43992,C,24,RCP,0,123.9794929,2,3.739,11.3256
pipe,44125.71,4,0,2,44403,C,48,RCP,0,48.92563265,4,3.821,10.088
pipe,44418.67,5,0,2,44250,C,30,RCP,0,109.3192339,2,3.853,4.5008
structure,44111.67,8,0,2,44436,C,30,RCP,43013,111.042531,4,3.819,21.008
structure,44111.67,9.5,0,2,44438,R,72,RCP,42736,112.5992224,4,3.838,8.1696
pipe,44111.67,10.5,0,2,44431,C,24,RCP,0,125.5403722,3,3.808,26.8176
pipe,44452.67,2,8,8,43964,C,15,CMP,0,19.37016161,1,3.756,18.1232
structure,43846.71,9,6,2,44454,C,15,RCP,0,178.5855863,4,3.848,17.6136
structure,44497.71,6,6,2,44454,C,15,RCP,0,177.8761058,4,3.848,16.4312
pipe,44258.71,2.5,0,2,44484,C,15,RCP,0,40.48773183,1,3.749,19.1984
pipe,44384.67,3,10,8,44494,C,12,RCP,0,44.61485843,4,3.829,31.7424
connectivity,44355.71,1.5,0,2,44349,C,15,RCP,0,25.06166551,1,3.854,16.9936
