,Age at inspection,"PACP_Heigh, IN",Length,Hydro  group encoded,flood design score,"Precipitation, mon avg, in.",Depth,Risk
0,57.28599133,15,27.02548948,1,2,3.777,1.5,8.832
1,23.15582934,15,47.49665897,1,2,3.714,3.5,14
2,38.16746521,12,23.16620955,1,2,3.826,10,6.0384
3,120.062172,36,65.28039996,1,2,3.717,15.2,24.14
4,0.760323979,54,20.71437547,1,2,3.735,3,2.574
5,117.7430983,15,59.15335659,3,2,3.713,7.2,32.24
6,58.39470682,15,56.06203706,1,0,3.788,3.8,13.8
7,16.72461784,72,78.1488345,2,0,3.804,26,25.92
8,19.85945699,30,221.5109991,1,8,3.822,1,8.648
9,31.72256445,15,223.8121497,3,2,3.756,5,18.9104
10,24.82877025,36,193.2871284,1,2,3.753,7,10.088
11,21.27230208,30,166.2422548,2,2,3.849,4,1.904
12,22.90394707,24,151.4405475,2,2,3.865,6,27.3056
13,63.42140087,12,19.17191935,1,2,3.887,6.7,27.3056
14,18.51517226,15,342.5648849,4,2,3.729,4.5,20.384
15,18.51517226,15,342.5648849,4,2,3.729,4.5,22.2656
16,31.72256445,15,209.428826,1,2,3.758,5,18.2192
17,13.67191421,15,87.53088991,2,2,3.759,7.2,13.16
18,21.06148757,15,30.84241784,2,2,3.694,2.4,1.472
19,36.01289071,18,239.0348056,1,2,3.918,0.1,1.904
20,27.05179101,54,72.53028273,2,2,3.87,5,33.792
21,22.53992699,15,38.79657657,3,2,3.707,1.2,7.04
22,23.30093543,24,51.87530567,2,2,3.717,3,1.088
23,18.41387178,30,89.43449012,3,2,3.681,9.5,6.8544
25,17.12981976,18,32.92854383,2,2,3.705,2.75,16.3664
26,17.4501483,48,41.37529837,1,0,3.805,8.9,3.7296
29,17.30515629,18,12.91219227,2,8,3.705,0.5,14.592
30,17.30241843,12,137.8671847,3,8,3.707,0.5,14.592
32,19.18332193,15,118.5846727,4,2,3.691,3.5,10.868
33,18.32626055,18,33.67486366,2,2,3.826,5,1.904
34,15.74172941,15,75.00134615,1,0,3.822,8.5,20.9952
35,32.55487109,48,144.4267171,4,2,3.84,12,25.584
36,16.76579968,15,103.8131113,1,2,3.711,5.3,5.3312
37,16.76579968,15,25.7874209,1,2,3.711,5.5,1.904
38,17.05863564,24,275.9867687,2,2,3.698,4.7,5.5568
39,17.4501483,60,26.0159604,1,2,3.712,5,12.7232
40,17.87177732,54,37.55568373,2,0,3.883,14,3.8472
41,108.7738992,54,297.9944106,2,0,3.883,11.45,3.4272
42,17.87177732,54,72.48291639,2,0,3.883,9.35,3.4272
43,34.76705453,24,96.15172703,1,2,3.72,0,7.2944
46,64.62879306,36,40.48067495,2,2,3.732,9,20.8608
47,16.30025097,15,49.64518704,2,2,3.752,9.2,8.832
49,16.7602099,15,89.40694231,1,2,3.822,4,14.8332
51,57.67738992,12,20.44696907,2,0,3.751,2,5.5552
53,22.55350217,12,13.12061928,4,2,3.879,3,16.2368
55,33.11898243,36,120.1009146,4,2,3.791,5.5,12.896
56,58.05258955,15,68.65710773,2,8,3.792,2,7.2416
57,14.35911476,36,33.85442181,1,2,3.709,7,10.088
58,39.7143509,15,26.51357031,1,2,3.787,1,1.472
59,41.94569929,15,49.37555199,2,8,3.738,2,36.3936
62,21.29682866,36,95.03066432,4,0,3.783,0,9.9188
63,23.10654803,18,92.16955732,4,2,3.826,8,19.4192
65,19.80196213,15,34.5850127,4,2,3.786,5.5,12.992
67,19.50365047,15,48.57624611,4,2,3.718,4,5.8
71,18.60004563,24,163.2439157,2,3,3.787,1.5,14.6076
72,13.95117499,24,33.34147922,1,2,3.738,4.6,17.2208
73,21.32420716,24,155.0997589,4,2,3.743,6.5,10.976
74,23.24344057,24,89.83999147,1,2,3.769,4.2,12.824
75,23.94444444,18,191.0890181,4,2,3.719,5,6.6048
76,23.21058636,15,152.9064681,4,2,3.735,1,3.612
77,31.47068218,18,235.0579515,1,2,3.92,7,17.264
78,37.99771846,18,31.23155189,4,2,3.739,2.1,3.564
79,22.39470682,15,99.26801235,2,2,3.762,2,30.03
80,22.03057267,24,25.72319352,2,2,3.766,3.5,12.8576
81,18.9287018,24,84.60974221,1,2,3.727,7.5,6.8552
82,22.81359799,24,133.7132319,2,2,3.834,5,6.968
83,59.93075519,24,39.65567616,1,2,3.727,7,7.1456
86,17.88558065,15,89.54067,1,0,3.694,4,21.948
90,50.53433721,18,105.4757709,1,0,3.791,4,6.2712
91,24.5767739,48,180.9891819,1,2,3.874,12.5,17.888
92,26.23043577,15,189.5104991,2,2,3.751,3.5,21.0512
93,17.88558065,15,20.63290884,1,0,3.694,4,16.284
97,28.44261921,36,126.9565334,1,8,3.752,0,8.0264
98,41.30778006,15,301.4050335,2,2,3.894,6,14.98
100,21.83070956,60,101.4416215,4,0,3.769,8.5,6.8376
101,30.42767511,24,229.826992,1,2,3.77,8.6,13.2912
102,42.61373488,18,168.3067909,2,2,3.894,5,16.1216
103,27.42140087,15,40.5516796,1,2,3.754,5,14.0672
104,39.6131645,15,60.68431771,2,2,3.699,4,18.0992
105,56.51927903,30,9.492341465,2,2,3.87,4,17.888
107,32.42904403,60,67.63830517,2,8,3.888,7,38.192
108,56.51927903,30,32.91391799,2,2,3.87,4,2.72
109,56.51927903,30,32.91391799,2,2,3.87,4,14.8256
110,41.14898471,15,29.30852777,1,0,3.88,3.6,19.116
111,18.06342688,15,140.2318838,1,2,3.697,4.5,31.1168
112,36.71640429,24,152.7850167,2,2,3.92,4.1,14.924
113,38.94501483,15,123.1536555,2,0,3.873,2,18.3456
114,59.91147616,30,266.0740398,4,2,3.745,9.5,24.8784
115,19.06821812,54,97.21551531,2,0,3.719,13.7,11.0656
116,20.9107917,48,117.1224865,2,0,3.72,11.9,31.248
118,25.49395391,15,51.20979606,4,2,3.901,1.3,9.145
121,35.43509012,18,447.0503683,1,2,3.733,7,25.3328
122,59.95254392,18,60.95069508,1,2,3.751,2.6,0
123,26.23602555,48,74.35125997,1,2,3.72,5,16.6242
125,19.83481634,15,23.81158573,4,2,3.82,7.4,10.8896
126,35.43509012,24,39.23858576,1,2,3.733,6.4,29.432
127,27.94433037,30,96.62432383,4,2,3.719,8.49,8.1696
128,54.94227698,15,23.28005657,1,2,3.729,5.9,6.7712
129,25.55692448,36,171.9506127,1,2,3.733,7.25,19.1984
131,32.28929957,15,53.92646726,4,2,3.722,5,14.168
132,22.78348163,48,86.02846693,1,2,3.719,3.6,14.168
136,22.6630162,18,172.1108525,2,3,3.703,2.3,14.3748
137,17.8828428,18,25.43012753,1,3,3.74,3.6,12.2304
138,23.82386493,15,21.59909345,1,8,3.902,3.1,10.88
139,19.80743783,15,89.36976856,3,2,3.705,7.2,3.536
140,24.31394022,15,49.81236796,3,2,3.707,6.4,3.536
141,30.51243441,18,200.1072554,2,2,3.826,5,17.576
142,18.64111339,15,167.8487881,2,2,3.722,3.1,5.2256
143,21.51585672,36,107.955141,2,2,3.755,11,20.8608
144,20.34679443,15,80.15311531,4,2,3.757,12,18.4992
145,47.02167465,42,72.5542017,4,2,3.721,7.5,23.504
146,20.08133698,30,62.91356038,2,8,3.756,1,6.1304
147,61.35979922,12,24.02323485,1,2,3.763,2.5,6.8448
148,20.96566279,15,41.66410434,1,2,3.756,8,19.5708
149,41.04357746,24,41.88420322,1,8,3.731,3,9.6768
151,22.37827972,60,118.9883408,2,0,3.877,6.9,13.6344
152,61.72119553,12,47.55948238,4,2,3.732,8.5,12.096
153,26.70134611,15,122.2634229,2,2,3.734,8.5,11.388
154,19.8923112,15,200.7854517,3,2,3.864,5,11.0864
155,19.65685603,15,200.7854517,3,2,3.864,5,20.384
156,22.79990874,15,64.01846453,2,2,3.734,7.5,14.7392
159,25.51311887,15,50.23909294,1,2,3.802,5,22.6064
160,37.51311887,30,144.9874309,1,2,3.792,5,3.68
162,41.16267397,15,32.32797275,1,8,3.731,3,18.7252
163,20.35500799,15,55.20198398,1,2,3.732,1.4,3.036
164,13.44193475,60,96.48451995,2,0,3.696,9,27.4224
167,32.18526124,18,138.6337511,1,3,3.73,5,14.8512
170,12.99840292,48,252.3839014,4,2,3.783,9,24.816
171,19.72541638,24,68.78041031,1,2,3.781,12,5.52
172,39.39139859,15,14.46703012,2,0,3.76,2,10.3936
173,40.42356833,15,14.46703012,2,0,3.76,2,10.8192
174,19.1749943,48,215.2170686,2,8,3.771,1,15.6864
175,40.19895049,42,175.2596247,1,2,3.794,12,13.8768
177,41.2886151,15,37.37672273,4,2,3.734,5.5,14.6288
178,41.2886151,15,51.61043139,4,2,3.734,5,14.6288
180,39.39139859,15,40.1084156,2,0,3.76,2,9.184
181,39.39139859,15,40.1084156,2,2,3.76,2,10.3472
182,40.45094684,15,40.1084156,2,0,3.76,2,14.3592
183,32.59331508,30,149.2976667,1,0,3.733,8,9.0792
184,63.32557609,30,29.26903104,4,8,3.768,2.6,10.88
185,65.82249601,15,295.0008454,1,8,3.798,2,10.88
187,12.89721652,24,80.20203319,4,2,3.702,5.2,19.2512
188,36.96292494,15,101.6922064,1,2,3.73,5.5,26.0144
189,12.9930413,48,290.1352854,2,2,3.904,5.5,6.44
190,32.3933379,24,72.93515092,1,0,3.689,4.2,1.056
192,19.47900981,15,196.5277524,3,8,3.704,0,7.2416
193,13.3708647,18,21.8996674,1,2,3.814,3,13.4524
194,58.13472507,24,58.14428494,1,2,3.753,7.5,21.7952
195,53.78690395,24,347.3008334,1,0,3.74,5,12.3504
196,16.20168834,36,58.77026587,1,8,3.689,8,8.9936
197,14.15925165,36,67.15861109,1,2,3.704,13,26.0336
198,27.44889345,30,21.88644908,3,0,3.749,0,1.056
199,26.39208305,30,21.88644908,3,0,3.749,0,12.784
200,20.69997718,18,161.9918832,3,2,3.749,2.7,0
201,12.49463838,15,38.1390218,3,2,3.744,4,4.5632
202,18.27424139,15,47.1291025,2,2,3.859,4.5,10.8896
203,27.44889345,18,34.86858234,3,2,3.747,2,2.884
204,4.075861282,30,145.1794046,2,2,3.739,6.25,10.088
205,15.62673968,15,135.4940831,1,0,3.736,3.5,7.056
206,15.62673968,15,50.75351153,1,0,3.736,5,3.2928
207,58.34816336,36,41.50349953,1,2,3.757,3.2,9.0944
208,15.62673968,15,24.70979547,1,0,3.736,4,3.2928
209,45.06684919,36,28.4014197,2,2,3.72,6.9,18.368
210,19.12023728,15,37.9930199,1,2,3.903,3.5,8.424
211,41.98129135,15,20.70331383,1,2,3.734,8,6.3296
212,15.73077801,30,21.85565052,1,2,3.901,8.3,7.0656
213,16.13335615,15,43.76630107,1,2,3.906,1.75,16.3664
214,32.87805156,15,83.36439292,1,8,3.906,1.75,14.6544
216,56.51380333,30,276.6661886,4,2,3.729,8,16.9952
217,46.10723249,15,243.8383892,1,2,3.791,5,14.0768
218,22.36732831,36,116.05225,1,2,3.748,6.5,10.088
219,14.76979238,48,96.11589656,1,3,3.793,5,6.396
221,12.68628793,30,135.6795089,1,2,3.787,5.5,23.6
222,42.28256902,18,25.74391073,4,2,3.761,7.6,29.264
223,2.17841661,24,16.85957633,1,2,3.787,3.2,4.5632
224,2.17841661,24,94.27601252,1,2,3.787,4.3,4.5632
225,2.90942277,30,120.8521813,2,0,3.807,5,2.8896
227,37.74309833,15,228.0789381,4,2,3.719,3,10.3976
228,19.88409765,54,64.57307427,2,0,3.816,9.5,27.72
229,19.88409765,54,69.07315051,2,0,3.816,9.5,27.72
230,38.6684919,30,115.2212876,4,0,3.717,3.4,12.768
231,38.6684919,18,20.18000137,4,0,3.717,3.5,15.1164
232,19.39413644,15,115.3607615,3,2,3.701,2.5,13.794
233,35.92790326,15,130.6909596,1,2,3.76,3.5,4.3952
234,17.36801278,36,34.58698681,2,2,3.706,2.9,17.264
235,18.4850559,48,114.9407296,2,2,3.714,10,3.264
236,17.66370066,15,36.48487617,2,2,3.739,3.5,3.3728
237,17.66370066,15,78.35577658,2,2,3.739,3.5,5.3312
238,17.66370066,15,291.0607931,2,2,3.739,4,6.0656
239,17.66370066,18,274.7119407,2,2,3.74,6.5,4.5968
240,17.65822496,18,98.4565738,3,0,3.739,4,18.1844
241,17.65822496,18,114.1731228,3,0,3.739,4.2,12.5736
242,17.65822496,18,303.9292803,3,0,3.739,4.5,14.5824
243,17.65822496,15,30.91807281,3,0,3.739,5,5.976
244,20.9107917,48,24.1648161,2,0,3.72,7.1,3.192
245,8.828770249,15,14.98396963,1,2,3.816,2,3.128
247,38.60837326,24,194.1391357,4,2,3.689,5,33.276
248,41.22564454,18,128.8591323,4,2,3.696,3,2.9648
249,38.03331052,15,135.8207767,4,2,3.691,4,18.044
250,24.3933379,24,126.4765558,4,0,3.695,6.7,3.3432
251,47.82386493,15,46.19641405,2,2,3.764,2.2,4.3054
252,12.0538444,15,72.37093777,1,2,3.704,3.5,30.6
256,9.269450148,15,44.04904652,1,2,3.786,8.5,22.776
257,29.94022359,15,35.13829167,1,2,3.775,3.25,20.9902
259,7.914214009,15,40.89971262,4,2,3.779,8.7,30.456
260,7.914214009,15,54.45613631,4,2,3.786,9,38.232
262,33.088752,24,78.48756647,4,2,3.792,3.3,4.5632
263,33.088752,18,23.61405746,4,2,3.792,2,6.0168
264,33.6939311,36,142.5015109,4,2,3.792,7,18.044
265,21.29409081,24,128.5533854,1,2,3.718,6,19.292
266,21.09696555,12,84.68158063,2,8,3.756,2.5,8.2928
267,16.50558978,36,160.6124483,2,2,3.749,4.5,18.044
268,39.26260552,18,129.4527466,1,2,3.79,4,9.776
269,41.32420716,15,114.4033663,1,0,3.79,3,9.9712
270,17.21195528,24,86.81917926,1,3,3.823,5,28.5376
271,24.87793749,15,11.27714261,1,3,3.823,5,7.4896
272,39.16678074,18,90.88572679,1,2,3.795,3.5,14.0768
273,39.16678074,15,48.46242889,1,2,3.795,4,16.6208
274,39.16678074,24,25.75529871,1,2,3.795,4,5.8712
275,9.157198266,18,25.2376549,4,2,3.722,6.5,6.7712
276,9.157198266,15,16.50868445,4,2,3.722,6.5,15.8672
277,2.821811545,24,170.4712815,1,2,3.795,3,6.968
278,46.5618298,15,130.340895,1,2,3.798,20,16.3184
279,8.606890258,72,96.25599122,4,3,3.752,11.7,6.6096
280,63.82934063,18,8.904522636,4,2,3.752,3.5,3.128
281,63.82934063,15,29.1755952,4,2,3.752,3,28.4548
282,20.81496692,24,63.76508935,1,2,3.757,9.69,8.1696
283,20.81496692,24,71.19441879,1,2,3.757,0,19.0688
284,20.81496692,24,60.70889309,1,2,3.757,8.1,16.6944
285,20.81496692,24,25.80291927,1,2,3.757,7.6,6.1088
286,20.81496692,24,136.0832935,1,2,3.757,6,4.784
287,30.28793064,30,198.1228399,4,2,3.765,6,15.848
288,66.34268766,12,109.5653888,4,0,3.755,1.6,2.002
289,9.614419347,15,47.61340449,4,2,3.761,3.5,13.2886
290,25.61441935,15,51.56234041,4,2,3.746,10,18.4992
291,63.82934063,18,289.9939257,4,2,3.752,5,18.0056
292,16.96007301,24,46.08212948,2,2,3.663,3,4.1528
293,18.64944102,24,194.8977966,3,2,3.671,6,6.968
294,11.42413872,60,114.4870692,2,2,3.672,20,16.856
295,36.28656172,18,73.45460826,1,2,3.79,9,4.14
296,8.609628109,48,110.5084299,4,2,3.842,4.5,6.2192
297,8.604152407,24,46.74350927,2,2,3.732,4.5,5.5568
298,8.604152407,15,15.78497891,2,2,3.732,3.5,2.6384
299,7.845881816,36,85.75739915,2,2,3.798,8,14.8256
300,36.82318047,15,188.4262042,1,2,3.787,4,3.036
301,15.47068218,15,109.9452698,3,2,3.664,0,9.1568
302,6.408396076,15,25.30800884,4,2,3.803,10,8.5284
303,36.28108601,15,153.554497,1,2,3.787,3.5,3.036
304,31.39128451,48,167.4843496,2,2,3.742,5,6.992
305,19.06821812,54,99.57207082,2,0,3.719,13.7,11.0656
306,19.06821812,54,100.9947041,2,0,3.719,13.7,11.0656
307,37.54597308,18,99.76383056,4,2,3.723,5,1.904
311,20.73009354,42,172.4885331,2,2,3.806,13,14.768
312,9.398129135,18,42.9390898,1,2,3.714,8,16.6208
313,8.412502852,18,45.3109101,1,2,3.714,9,4.416
314,9.398129135,18,45.3109101,1,2,3.714,9,17.6528
315,1.529545973,42,18.53620055,2,2,3.789,7.5,6.7712
316,18.52338581,36,68.17257136,2,2,3.75,17.5,11.2832
317,18.34816336,18,24.40886681,2,2,3.751,1.5,2.574
318,16.75484828,36,98.38979599,2,2,3.751,6,10.4864
319,16.75484828,36,56.28721263,2,2,3.751,6.3,6.1472
320,12.07586128,24,57.76934875,2,2,3.755,7.5,5.6816
321,18.66027835,24,340.4180604,2,2,3.665,8.7,16.536
322,35.52270135,30,102.5826998,4,2,3.734,0,10.088
323,19.77184577,15,22.60022835,2,8,3.814,7.3,10.7136
324,35.65959389,18,165.5577707,4,2,3.737,4,12.8576
328,18.24971481,15,102.1456658,3,2,3.793,2,7.1242
329,41.11886836,18,30.31223722,4,2,3.741,1.5,22.902
330,1.488478211,15,192.6139918,4,2,3.762,6.9,15.8576
331,23.94433037,15,60.02433248,3,2,3.715,3,14.0866
332,23.94433037,18,73.47587717,3,2,3.715,3,15.5496
333,23.94433037,18,62.35680827,3,2,3.715,3,13.5432
334,31.38866073,15,134.6948204,2,0,3.765,3,6.3616
335,46.14282455,36,95.98331219,2,0,3.72,6.3,15.456
336,19.53924253,15,29.51849898,1,2,3.679,4,1.904
337,19.76637007,15,26.80614304,2,2,3.666,7,29.0816
338,17.00387862,36,33.09903173,1,2,3.686,4.7,10.1568
339,41.75131189,15,24.64270491,2,8,3.72,3.4,7.2416
341,20.77937486,15,125.0173676,2,3,3.718,3,10.3472
342,54.68777093,15,90.73323265,1,3,3.718,5,7.4896
343,45.59536847,15,41.71575427,1,3,3.718,5,4.0176
344,45.59536847,15,32.4770531,1,3,3.718,2.8,4.0176
345,1.953912845,54,27.04083908,2,2,3.806,15,7.9808
346,17.47216518,18,107.2091902,1,2,3.751,6,19.1984
347,37.69107917,42,61.21126428,4,3,3.759,7.09,25.2
348,37.69107917,42,72.02009718,4,8,3.759,6.2,32.48
349,17.38170203,60,56.77587089,1,0,3.751,14,7.0532
350,16.66986083,15,99.4372472,1,2,3.751,8.65,5.7072
351,16.66986083,18,25.25941616,1,0,3.751,10.95,4.536
352,16.66986083,18,98.14603089,1,0,3.749,9.95,19.2066
355,17.21195528,24,24.62954615,1,3,3.823,5,34.3
356,24.87793749,15,77.16853027,4,3,3.823,7,20.254
357,24.87793749,15,49.54091768,4,3,3.823,7,26.8912
358,24.87793749,15,97.7073611,1,3,3.823,6,7.4896
360,38.21674652,66,234.7967507,4,2,3.769,25.5,33.512
362,46.66039243,15,217.3350862,1,2,3.769,4,6.968
363,19.61305042,30,34.08895262,1,2,3.75,5.5,11.0192
364,18.53433721,60,84.513083,1,0,3.75,15,7.0532
365,47.16130504,15,30.06722431,1,2,3.768,7.5,7.2944
366,16.90269222,15,22.27240594,1,2,3.769,1.5,6.3118
367,42.24138718,30,124.3935079,1,2,3.759,6,15.704
368,15.77184577,18,40.09339035,1,2,3.762,2.5,2.88
369,31.41592517,36,143.9236256,2,2,3.789,5.5,18.044
370,15.09297285,24,31.58184228,1,2,3.791,4.5,20.384
371,15.09297285,24,12.17357417,1,2,3.791,5,16.6208
372,14.21948437,48,23.77833621,2,8,3.788,6.8,11.7968
373,45.61727128,24,107.1976383,1,2,3.793,4.5,20.384
374,45.12719598,15,310.4199014,1,2,3.776,2,14.8356
375,42.30983345,15,59.39016114,1,2,3.779,5.5,6.2192
376,13.14350901,30,68.96192243,1,2,3.77,9.5,11.0544
377,9.6226329,15,26.06763846,1,0,3.765,2,5.004
378,9.6226329,15,16.6830769,1,0,3.765,2,2.7888
379,9.6226329,24,13.82685542,1,0,3.765,2.7,0.672
380,9.6226329,24,25.33022678,1,2,3.765,2.5,10.8896
383,11.48437144,36,167.925377,1,2,3.691,4.5,16.5968
384,8.705452886,48,31.7160998,1,0,3.69,4.2,1.056
385,8.705452886,48,91.08111011,1,0,3.689,4.2,1.056
386,8.705452886,24,24.83860332,1,0,3.691,3.7,7.5696
389,78.33173625,15,42.00077383,4,8,3.865,3,4.752
390,76.64522017,15,27.08833926,4,2,3.869,2,25.872
391,13.16005019,18,36.25453575,1,8,3.873,2,24.2
392,26.90953685,15,13.79261841,1,2,3.89,0,22.6064
393,26.90953685,30,22.0062449,1,2,3.894,0,5.336
394,26.79717089,15,302.058692,2,2,3.768,4,17.3628
395,27.37223363,15,69.65007723,1,2,3.757,4,5.2256
396,27.37223363,15,44.25786337,1,2,3.754,6,7.8384
397,5.127081907,24,86.38876535,4,2,3.869,3,7.194
398,5.118868355,48,55.50790473,2,2,3.869,3,4.5632
405,11.82660278,15,322.1247159,4,2,3.714,8,8.096
406,11.82660278,15,191.328608,4,2,3.716,9,35.616
408,19.27629478,60,97.08112021,2,0,3.793,13,7.6076
409,19.27629478,60,95.67003938,2,0,3.793,13,7.6076
410,18.66027835,15,31.04656829,1,2,3.794,3,13.5752
411,0.157882729,66,61.90761175,2,0,3.783,10,6.8376
412,30.40018252,15,129.6597676,3,2,3.729,6,5.8208
413,30.40018252,15,162.9681105,3,2,3.729,6,5.4128
414,14.50969655,66,101.6559249,2,2,3.77,20,24.4688
416,41.09434178,15,23.71008409,1,0,3.815,4,43.66
417,38.94775268,18,234.5359812,2,2,3.746,4,15.8928
418,35.01072325,42,182.3120488,4,2,3.737,13,8.6112
419,22.59742186,15,131.939898,4,0,3.733,5,6.2712
423,46.70134611,18,175.161515,4,2,3.739,3.5,5.6144
424,53.52407027,18,61.66195703,1,2,3.739,3,6.4496
425,20.53023044,30,46.13197755,2,2,3.731,7.5,23.504
426,11.1968971,15,143.095398,1,2,3.72,7,5.6
427,11.1968971,15,97.66739654,1,2,3.72,6.8,7.112
428,0.634268766,36,59.75191447,2,2,3.721,4,2.72
429,29.38170203,24,117.4897247,2,2,3.721,4,1.472
432,21.82523386,54,111.5475107,2,0,3.889,8.5,34.056
433,28.042893,54,141.2445497,2,0,3.894,7.1,29.016
434,28.042893,54,48.22996953,2,0,3.894,6.8,16.2564
435,12.042893,54,80.74558274,2,0,3.894,7.7,23.064
436,24.66164727,60,149.1951264,1,0,3.72,16,10.2592
437,119.7773215,36,29.39981041,1,3,3.72,3.5,10.5924
438,52.8315081,30,65.91227322,1,2,3.815,4,2.72
439,52.8315081,30,58.2295308,1,2,3.815,5,3.502
440,32.80401551,12,65.56242151,1,2,3.82,0,8.742
441,18.29614419,24,246.750953,2,2,3.719,2,14
442,18.25781428,24,246.750953,2,2,3.719,2,16.9952
443,18.29614419,24,25.48979774,2,2,3.719,2.3,14
444,18.25781428,24,25.48979774,2,2,3.719,2.3,16.9952
445,12.16062058,72,13.78521467,1,0,3.698,8,26.04
446,61.34884782,24,209.3700139,1,2,3.821,8,4.784
447,61.34884782,18,27.79094566,1,2,3.821,13.5,24.6512
448,61.34884782,18,115.151302,1,2,3.821,14.65,16.3184
449,65.77332877,18,106.0247814,1,2,3.82,8.5,6.0384
450,65.77332877,18,106.0247814,1,2,3.82,8.5,7.7792
452,10.40851015,18,23.23298417,2,2,3.877,6,12.656
453,13.90200776,15,137.6818828,2,2,3.873,6.3,14.336
454,65.90200776,12,39.78358027,1,2,3.878,11.2,7.0656
455,120.0457449,30,60.00528449,2,2,3.877,13.25,9.9728
456,120.0457449,30,60.00528449,2,2,3.877,13.25,15.176
457,120.0457449,30,208.1097496,2,2,3.877,3.5,5.6816
458,31.66792151,30,18.28324633,2,2,3.885,3.2,4.68
459,27.05179101,54,80.0653326,2,2,3.87,5,33.792
460,27.05179101,54,79.6234015,2,2,3.87,5,33.792
461,57.7103582,30,187.982239,1,2,3.706,4.2,18.7856
462,52.88067534,24,296.2457315,2,0,3.714,3.6,23.4
463,15.28998403,15,17.98679078,1,8,3.706,2,7.2416
464,15.28998403,15,7.326991328,1,8,3.706,2,7.2416
465,29.65548711,18,28.39922953,4,2,3.763,3,13.688
466,29.65548711,18,13.02493163,4,2,3.763,3,0
467,12.96554871,30,154.462088,1,2,3.856,4,4.5632
468,12.96554871,18,23.78759011,1,2,3.858,3,4.5632
469,21.00935432,48,107.1989122,1,2,3.72,8,14.2352
473,9.064111339,72,58.21938658,2,0,3.72,10.55,17.2224
474,70.15925165,15,23.68615419,2,0,3.69,3,2.0832
475,63.16951859,18,50.77905706,1,2,3.749,7.5,29.264
476,7.862194844,15,28.50962324,1,2,3.885,3.5,12.6654
477,7.862194844,24,78.12921101,1,2,3.885,3,15.5496
478,7.859456993,24,27.5098049,1,2,3.885,3,15.5496
479,7.859456993,18,105.9454247,1,2,3.885,3,15.5496
480,42.94501483,15,52.04868345,1,2,3.885,3,14.0866
481,46.94501483,18,208.586296,1,2,3.885,3.5,3.498
482,46.3893452,15,156.5003224,1,0,3.723,1.3,6.3616
483,58.63563769,60,200.3839051,2,0,3.728,6.3,4.0656
485,14.61921059,15,51.91926894,4,2,3.716,7.5,6.7712
486,14.61921059,15,79.32923845,4,2,3.716,7.5,6.7712
487,59.93075519,15,25.31168427,1,2,3.727,6,16.6208
488,59.93075519,15,42.93244671,1,2,3.727,7,14.0296
489,14.24150125,15,23.43468152,1,2,3.727,6,12.936
490,12.51106548,15,25.69634696,2,2,3.725,7,6.7712
491,58.20031942,15,110.4468301,2,2,3.725,7,6.7712
492,16.69723933,24,196.6897481,1,2,3.713,3.4,4.5632
493,16.52749258,24,417.2623429,1,2,3.715,6.2,5.6672
494,62.11556012,15,65.44954544,1,2,3.692,3.5,4.1216
496,64.34143281,18,286.6315389,1,2,3.805,4,12.8576
497,64.34143281,18,286.6315389,1,2,3.805,4,16.6208
498,120.6780744,30,159.9862294,4,2,3.795,2.7,4.429
499,17.8005932,30,108.3465205,1,2,3.793,11,13.2912
500,17.87725302,15,43.50327863,2,2,3.805,5,4.76
501,39.63769108,15,74.5488786,1,3,3.802,5,36.7
507,17.4501483,54,28.7648077,1,0,3.803,6.05,3.0912
510,17.29409081,24,71.83716821,1,0,3.803,5,15.8184
512,61.20374173,15,142.3984016,1,2,3.866,3,20.4624
516,14.82466347,60,18.88607479,2,0,3.892,7.5,5.208
517,21.82534794,60,36.03435954,2,0,3.889,8.5,30.888
518,21.82534794,60,19.50761323,2,0,3.889,8,29.016
519,12.042893,54,27.07209716,2,0,3.894,7.4,23.064
520,23.34759297,24,51.31755486,1,2,3.726,8,13.688
521,23.34759297,24,190.760077,1,2,3.726,8,13.688
522,65.47478896,36,55.15554187,1,2,3.719,8,7.0864
523,8.198950491,30,166.8584376,2,2,3.716,7,8.3312
524,27.2023728,24,61.06689093,1,2,3.904,5.5,14.77
525,56.30846452,15,154.7501194,1,2,3.915,7,12.67
526,70.85751768,24,40.15344724,4,3,3.857,11.08,7.656
527,12.71640429,18,72.69676028,1,2,3.854,5,1.904
528,54.60552133,54,57.67598092,2,3,3.864,7.95,28.32
529,54.60552133,54,25.91259291,2,3,3.864,10.35,32.2704
530,15.42140087,54,96.67503437,2,3,3.864,11.8,26.325
531,15.42140087,48,23.21957174,2,3,3.866,10,26.532
532,48.2153776,66,90.55253361,2,8,3.802,6.45,8.9936
533,48.2153776,66,25.53826632,1,0,3.805,7.1,3.0912
534,48.2153776,60,56.6341149,1,0,3.805,7.15,2.5872
535,57.13803331,60,18.19999997,1,0,3.805,6.95,9.9912
536,54.56992927,15,24.14101565,1,2,3.807,4,1.904
537,54.56992927,15,92.32421172,1,2,3.807,4,7.8416
538,54.81633584,15,186.0847185,1,2,3.807,4.5,18.5024
539,120.335843,30,55.89063113,1,2,3.815,3.75,16.64
540,120.335843,48,24.75544466,1,2,3.811,3.75,21.2432
541,32.95744924,24,431.6303729,1,2,3.783,2.5,9.9056
542,54.61384896,36,100.7353367,1,2,3.726,5,14.7392
544,48.65617157,15,192.2610445,4,8,3.705,3.5,9.656
545,14.92596395,15,30.89624213,4,2,3.705,4,19.0688
547,5.759639516,15,26.31043573,2,2,3.745,4.4,12.488
548,18.12651152,15,14.39509962,2,2,3.747,6,3.68
549,12.6644992,24,27.32527524,4,0,3.857,11.06,3.024
550,6.416723705,24,13.04707099,4,8,3.857,11.64,13.032
552,17.91569701,15,48.09012464,1,2,3.804,2,14.5136
553,25.45836185,15,28.05526588,1,0,3.797,1.9,4.3824
554,47.23796486,18,104.831519,1,2,3.797,2.6,12.4832
555,47.23796486,15,74.10829022,1,0,3.797,2.7,13.944
556,8.355007985,24,38.11492506,1,2,3.784,7,18.7616
557,50.48231805,15,160.4152571,1,2,3.802,7,21.056
558,37.48026466,18,24.4459464,1,2,3.799,7,21.056
559,38.42208533,66,166.1011455,2,0,3.798,8.5,27.216
560,38.42208533,66,160.7180607,2,0,3.798,8.5,27.216
562,14.19769564,24,88.35828657,1,0,3.693,2,24.2424
564,14.85466575,24,63.74769633,1,2,3.693,4.5,5.6672
565,14.85466575,18,131.1360529,1,2,3.693,3.4,5.0048
566,28.99566507,15,42.82179951,1,2,3.698,2.5,4.4908
567,19.44056582,18,438.1904778,1,8,3.699,6.75,24.2
568,99.44056582,15,355.159024,1,8,3.701,5.3,24.2
580,4.946497833,15,43.68292658,4,2,3.734,2,12.488
581,6.361852612,48,224.5712351,4,0,3.736,5.5,11.8872
582,10.22496007,30,203.0994702,1,0,3.747,9,9.936
583,68.27013461,30,138.1809356,1,8,3.841,7.54,9.344
584,88.27013461,42,8.060351814,1,8,3.836,7.3,8.9936
585,74.26876569,30,13.89796443,1,8,3.841,8.47,12.264
586,83.74994296,24,19.31136644,1,8,3.841,9.3,10.512
587,10.87109286,24,50.02554273,1,8,3.841,6.43,31.1696
589,88.27013461,42,9.825069826,1,8,3.836,7.57,8.9936
590,80.27013461,36,247.0104247,1,8,3.836,6.88,8.9936
591,74.26876569,36,80.70154399,1,8,3.836,7.95,11.096
592,74.26876569,24,108.3326935,1,8,3.841,9.2,10.512
593,71.32831394,15,32.09070918,1,2,3.847,5.1,7.2128
596,30.64396532,24,8.234497702,1,2,3.857,2.7,6.1088
598,15.48722336,15,29.27919899,1,2,3.854,2.3,18.5024
599,19.90873831,18,121.5132192,1,2,3.745,7.5,5.984
600,35.0792836,15,145.2082484,4,2,3.773,4.5,1.088
601,35.0792836,15,82.32470431,4,2,3.773,6,1.472
604,41.14898471,15,53.58908637,1,0,3.88,4.25,4.5024
605,41.14898471,15,166.2678184,1,3,3.882,4.4,8.1
606,47.59936117,24,134.7952092,2,2,3.863,4,5.3312
607,39.66792151,36,68.56441659,2,2,3.866,4.5,16.5968
608,53.43645905,15,24.1609234,2,2,3.853,3,3.276
609,54.23043577,15,168.7727592,2,2,3.853,3.5,6.0168
610,54.23043577,15,168.7727592,2,2,3.853,3.5,6.8448
611,12.17442391,15,152.3640463,3,2,3.859,0,11.7876
613,61.37896418,15,27.76451981,1,2,3.747,5.7,7.544
615,45.48026466,36,303.9297246,1,8,3.7,10,20.502
616,69.92938627,15,168.8023671,1,2,3.73,0,12.4832
620,28.59867671,30,153.0089583,4,2,3.715,10,12.168
621,20.68366416,30,124.3428145,2,0,3.829,7,6.552
623,31.59936117,18,47.02203407,2,2,3.796,4,1.496
624,30.92048825,18,10.0136834,1,2,3.737,4.3,24.1664
625,22.60278348,18,44.97325607,1,2,3.734,4,11.7872
628,11.1749943,15,25.36353293,2,2,3.707,6.9,5.6672
629,22.96155601,15,149.7481339,1,2,3.711,6.2,0
630,10.57814282,30,70.57792509,2,2,3.707,8.4,8.832
631,10.63837554,60,73.86139312,2,0,3.786,10,6.8376
638,23.30914898,15,53.73245077,1,2,3.758,2.5,5.984
641,19.58852384,24,116.9915532,2,2,3.672,4.75,6.968
642,13.40908054,72,60.5702509,2,0,3.902,8,5.6672
643,13.40908054,72,61.58148039,2,0,3.902,8,27.404
645,121.5541866,36,38.41249223,2,2,3.769,7,21.4544
646,17.86367785,18,371.2199449,1,2,3.768,4,23.192
647,35.13677846,15,241.7150562,2,2,3.794,3,17.576
649,10.25781428,18,45.93365301,2,0,3.783,4,0.672
650,26.23043577,15,16.26752652,4,2,3.781,2.5,11.3552
652,10.38101757,48,19.06587873,2,0,3.783,10,6.8376
653,8.379648642,48,25.45838868,2,0,3.783,10,6.8376
654,8.379648642,48,19.95726336,2,0,3.783,10,6.8376
655,32.99566507,24,182.0616707,2,2,3.716,5.5,4.16
660,27.12582706,48,130.3816109,2,2,3.824,6,19.8942
661,1.086014146,24,149.2621128,2,2,3.72,4.5,12.4832
662,35.73351586,15,148.1143322,1,2,3.82,3,23.128
663,120.4261921,36,104.516005,4,2,3.714,6,2.72
665,120.0183664,18,31.29903862,4,0,3.723,0,2.3856
666,120.0183664,18,176.1963072,4,0,3.723,0,1.8816
667,118.4330367,15,31.40078491,3,2,3.724,9,12.0396
668,118.4330367,15,110.2294318,3,2,3.726,7,11.0236
669,39.44604152,15,41.00389943,1,2,3.831,7,21.07
670,120.9190052,24,161.3479156,1,0,3.792,4.2,0
671,118.9696555,54,29.55486411,1,2,3.784,8.75,6.0384
672,118.9696555,54,32.84259846,1,2,3.784,7.2,5.4944
673,118.9696555,48,17.64228957,1,2,3.784,6.95,16.472
674,118.9696555,54,10.51349767,1,2,3.784,8.4,19.2864
675,120.023728,24,60.67481289,2,2,3.784,6,8.9404
676,119.933493,18,111.1858735,2,2,3.822,3,3.63
677,121.4446726,24,162.3515993,2,2,3.819,4,12.8576
679,0.993041296,15,44.29088915,2,2,3.729,4,5.2256
681,120.6397445,36,111.1025924,2,2,3.859,0,14.3312
684,41.66643851,18,19.26480356,2,8,3.909,1,5.46
685,11.56924481,54,65.56247188,4,2,3.737,7,5.4944
686,14.00045631,18,25.0487202,4,2,3.752,10,3.752
687,14.22769792,18,25.0487202,4,2,3.752,10,4.7328
688,36.65617157,24,196.1612193,2,2,3.787,3.5,8.4224
691,120.8534109,15,27.68279119,1,2,3.784,4,1.904
692,120.8534109,15,98.90167729,1,2,3.784,3.5,6.968
693,120.8534109,15,57.66907996,1,2,3.784,5,20.922
694,121.017682,36,24.45237025,2,2,3.777,4.3,28.7408
696,11.37223363,24,23.66719848,1,3,3.761,4.8,4.0176
699,11.37223363,24,144.49654,1,2,3.761,3.5,1.088
700,120.409765,30,55.54147424,1,2,3.754,4,10.088
701,22.81359799,54,16.15923524,1,0,3.77,7.5,3.3936
702,22.81359799,54,22.39164975,2,0,3.77,7.5,3.1416
703,20.70819074,60,62.91617428,2,0,3.755,8,19.596
704,20.70819074,60,66.81504273,2,0,3.755,8,12.78
705,17.83070956,72,113.2403767,3,0,3.685,10,8.0808
706,25.94296144,72,84.25373537,2,0,3.763,7.7,19.596
707,26.1455624,60,33.43201215,2,2,3.8,7,5.0048
709,120.171572,60,43.87982138,2,2,3.901,10,35.4
717,19.74172941,60,105.9462758,2,2,3.778,13,17.6528
718,17.74309833,60,248.7570124,2,2,3.779,14,21.9632
721,120.3112024,24,98.37376955,2,2,3.808,7.3,29.744
722,120.3112024,30,123.9996122,2,2,3.808,7.9,6.1472
723,120.4426192,15,24.70592676,1,2,3.819,1.5,10.8896
724,121.1517226,15,77.76249899,1,8,3.819,3,3.212
725,120.8807894,15,16.34865848,1,8,3.819,3,9.344
733,121.8280858,15,50.56981728,4,2,3.735,8.5,37.488
734,120.0456308,15,114.7646895,4,2,3.735,7.6,11.408
735,120.0456308,15,92.62777832,4,2,3.735,6.6,11.408
736,21.82534794,54,127.77297,2,2,3.735,6.8,14.3336
737,120.0456308,54,5.67965371,2,2,3.736,7,10.1384
738,22.8245494,24,158.2551252,2,2,3.735,7,5.2088
739,120.0456308,15,54.81848002,4,2,3.735,7,18.5288
741,118.4877937,24,420.0415852,4,2,3.85,7,7.9092
742,118.4877937,15,29.84503157,4,2,3.852,0,9.3288
748,40.8315081,18,66.72573983,4,2,3.759,4,19.0256
749,11.10392425,24,58.84101119,1,2,3.758,5,3.128
750,4.587725302,15,120.2085293,1,2,3.811,8,14.7392
752,120.8096053,36,110.4338946,1,2,3.848,5.4,10.088
753,120.062058,36,257.8435232,1,0,3.673,12.5,37.38
754,12.11955282,54,221.7306551,2,0,3.673,9.85,19.908
755,120.062058,54,39.70996927,1,0,3.673,9.15,17.6328
756,12.31941593,18,44.09895887,1,0,3.876,7.3,11.2
757,120.1140771,15,25.93627458,1,8,3.79,1.9,12.2688
758,120.1140771,15,127.503511,1,8,3.79,1.6,10.9728
759,118.4877937,60,51.75421156,1,3,3.697,17,29.9892
760,120.6151038,30,241.2431767,1,0,3.701,5,2.5872
761,120.1989505,24,44.05288136,1,8,3.707,4,42.432
762,120.1989505,24,37.43673964,1,8,3.707,4,48.96
763,120.1989505,24,171.5313312,1,8,3.704,4,26.2964
764,120.1989505,18,173.5225209,1,8,3.704,4,22.562
765,120.1989505,18,112.3989516,2,8,3.704,4,26.2964
766,120.1989505,18,114.5214582,2,8,3.704,4,24.4292
767,3.635067305,15,13.97358647,1,2,3.779,3.8,25.6736
768,52.19347479,15,26.90653965,1,2,3.74,8.5,8.3538
769,57.34610997,54,61.76579102,1,0,3.744,7.5,20.088
770,37.9785535,15,85.6387044,1,8,3.73,2.2,8.432
771,37.9785535,15,92.54660904,1,8,3.73,2,8.432
772,3.947068218,18,192.7472063,1,8,3.732,2,8.432
773,58.53171344,15,215.7004806,1,2,3.734,4.3,12.7232
774,120.7930641,18,20.40859713,1,2,3.834,3,18.1232
775,121.272188,36,131.4937145,2,2,3.845,5,15.236
776,118.5671914,15,31.29861502,4,2,3.794,10,7.344
777,118.5671914,15,29.46302914,4,2,3.794,10.6,7.344
778,118.5671914,24,60.90587895,4,2,3.794,10.5,6.528
779,119.7773215,24,192.1771859,1,8,3.826,1,29.2432
782,121.2119553,18,160.8226148,4,8,3.711,2,0
783,121.2119553,18,160.8226148,4,8,3.711,2,8.1968
784,121.2119553,15,134.3693339,3,8,3.712,2,8.432
785,120.1633584,15,91.31338933,3,0,3.718,3.5,3.2736
786,120.1633584,15,107.9714237,3,8,3.718,3,8.432
788,119.933493,15,41.61569822,1,2,3.749,0,20.5616
789,118.7725302,60,17.52312199,1,0,3.758,10,4.032
791,55.89790098,18,25.78051585,1,2,3.821,7.3,21.3344
793,55.89790098,30,115.3769976,1,2,3.821,7,16.9952
797,43.8758841,48,38.99281871,2,2,3.753,8.4,8.4864
800,121.2257586,30,54.4087393,1,2,3.705,3,10.7062
801,120.8149669,15,98.39048316,1,2,3.702,3,4.5632
803,119.7417294,18,34.53361858,1,3,3.696,4.5,11.7528
804,118.0305727,66,31.78388581,2,0,3.816,11,18.396
805,118.0305727,66,32.60994946,2,0,3.816,11,27.9
806,118.0305727,66,52.20221124,2,0,3.816,11,3.7296
808,121.0832763,15,45.11995759,1,8,3.723,2,12.2688
809,119.9909879,36,87.04978421,4,2,3.743,8.7,3.1824
810,119.9909879,36,66.2358114,4,2,3.74,12,14.1336
811,117.6226329,24,38.58646713,4,0,3.749,4.7,16.2
812,120.0812229,48,32.85836872,2,3,3.75,8.15,32.868
815,119.9061145,24,156.3105417,2,0,3.749,2,12.492
816,119.9061145,15,234.1586014,2,3,3.749,0,22.8552
817,120.171572,15,72.02575309,4,0,3.746,2.5,2.0832
818,121.0422085,15,72.02575309,4,2,3.746,2.5,3.3728
819,120.171572,15,159.0344269,4,0,3.746,6,4.8832
820,121.0422085,15,159.0344269,4,2,3.746,6,6.8448
821,121.0422085,15,159.0344269,4,2,3.746,6,20.9244
822,120.8424595,18,371.3670893,4,2,3.73,4,2.576
823,120.8424595,18,26.48402268,4,2,3.727,3.5,3.68
824,120.8424595,18,26.48402268,4,2,3.727,3.5,11.144
825,119.9470682,15,45.4337178,1,2,3.709,8.1,29.4528
826,119.6951859,18,25.37232205,4,8,3.697,9,32.1408
827,121.2064796,15,52.4730826,1,2,3.703,3,18.8652
828,120.0484828,15,52.35657597,4,2,3.7,5.5,5.1152
829,120.0484828,15,32.58592679,4,2,3.703,5.4,3.128
830,121.86094,24,13.22839974,4,2,3.697,5.5,14.768
831,121.8280858,24,44.34537294,4,2,3.7,7,14.3336
833,15.84588182,48,62.7416797,1,2,3.777,4.3,3.128
834,119.8650468,18,28.00081699,1,2,3.722,3.2,5.08
835,119.8650468,18,28.00081699,1,2,3.722,3.2,11.8384
836,10.81918777,24,8.376090257,1,2,3.722,4.2,20.384
837,119.8650468,15,77.32191148,1,2,3.722,2.2,19.942
838,121.63906,36,381.2907453,1,8,3.714,3.1,8.432
839,119.714465,36,381.2907453,1,8,3.714,3.1,21.5864
841,120.8616245,15,172.4921079,4,2,3.754,10.8,26.3424
842,120.8616245,15,70.74849273,4,2,3.754,11.35,9.144
844,67.6979238,48,26.23918685,1,2,3.754,7.5,29.432
849,5.644535706,18,231.6395638,4,2,3.774,6,8.9552
850,117.2995665,18,142.3084963,4,2,3.762,9.7,6.528
851,117.2995665,48,367.7590892,4,3,3.76,11,9.45
852,117.2995665,18,328.1966652,1,2,3.76,12.55,8.4272
853,117.2995665,36,42.92636974,1,3,3.763,10,12.726
854,120.3906,15,208.816585,1,8,3.8,2.6,9.4176
856,121.6746521,15,85.32877376,1,2,3.804,4,5.6816
857,9.028633356,48,66.48987955,2,0,3.781,7,10.9848
858,17.42003194,30,307.4427251,1,2,3.795,6,4.1888
859,118.1428245,48,71.60155261,1,2,3.791,6.9,6.7712
861,118.1428245,48,44.88743618,1,2,3.791,7,4.1888
862,118.1428245,18,280.9877732,2,2,3.791,6.9,4.1888
863,121.3652749,24,49.30862439,1,2,3.821,3.5,3.68
864,121.3652749,24,24.97092229,1,2,3.821,4.3,3.68
865,121.6116815,24,115.587167,1,2,3.821,3.6,3.68
866,121.6116815,24,116.1990961,1,2,3.821,5.2,3.68
868,120.3467944,18,197.1420374,1,2,3.793,2,6.968
869,120.9191193,18,197.1420374,1,2,3.793,2,6.968
870,119.6787588,18,46.89767794,1,2,3.801,4,21.9008
871,119.6787588,15,29.06434462,1,2,3.801,3,1.088
874,120.3878622,15,158.1127259,2,2,3.797,3.5,11.7876
876,121.017682,30,23.04364745,1,2,3.836,5,19.0256
877,120.3248916,30,111.7361334,1,2,3.866,3,10.808
878,120.3248916,30,49.99386609,1,2,3.866,4.5,7.2944
879,120.5795117,15,20.47826032,1,2,3.749,1.7,4.9248
880,121.4419347,36,169.37513,4,2,3.71,7,7.8416
881,121.4419347,36,169.37513,4,2,3.71,7,11.0864
883,121.0558978,24,128.8581542,4,2,3.765,6,7.9376
884,119.9471823,24,106.367194,1,0,3.891,1,3.948
885,121.4857404,24,106.367194,1,2,3.891,1,17.264
886,120.2892996,15,29.57236047,1,2,3.886,10.5,6.8544
887,120.94376,24,133.698333,1,2,3.881,3,2.574
888,120.1332421,15,44.45180737,1,2,3.873,6.5,16.5968
889,30.63563769,48,21.38371776,1,2,3.855,6.5,8.036
890,120.4864248,12,33.06024136,1,8,3.879,2,29.0496
891,120.4864248,15,102.2917779,1,3,3.875,1.25,5.0576
892,120.1414556,36,68.16457704,1,8,3.755,4.8,10.472
893,33.1161305,18,210.403835,2,8,3.757,4.3,13.532
894,1.513118868,36,62.80615187,1,2,3.69,8.3,22.56
895,119.4433037,12,21.96202746,4,2,3.701,5.2,18.8
898,120.1551449,12,21.11709027,1,8,3.908,1,33.8
899,120.1551449,12,19.40197833,1,8,3.908,1,33.8
901,120.8834132,15,144.2724531,1,2,3.848,6.6,7.28
903,120.1551449,15,27.68007012,1,8,3.908,1.25,33.8
904,120.2290668,15,80.87825939,2,0,3.905,5,3.2736
905,120.1058636,15,17.32402917,1,2,3.905,1.25,21.6384
907,121.1489847,18,402.0403411,4,2,3.729,4.2,4.592
908,121.748574,15,64.90492096,4,2,3.731,3.5,14.432
909,121.8226101,15,17.15178569,1,2,3.712,2.4,27.8432
910,121.5404974,15,51.88076168,1,2,3.712,3,2.266
912,120.7875884,15,230.9498074,4,2,3.73,4.5,16.4
913,120.7875884,15,9.455247036,4,2,3.73,4,1.088
914,120.1525211,15,83.12018208,4,2,3.738,2.5,8.9552
915,120.1525211,24,37.62098676,1,2,3.741,6.9,12.0416
918,119.2981976,48,316.724154,4,8,3.735,22,44.208
919,119.2981976,48,313.0164268,4,8,3.735,22,10.5704
920,120.3467944,15,57.96086528,4,2,3.765,5,1.904
922,118.3591148,24,132.103271,4,2,3.746,5.8,11.1456
923,119.7006616,24,155.5759303,1,0,3.724,7.95,19.992
924,0,12,260.7495163,4,2,3.709,4.4,4.5632
925,120.6727128,15,35.74948787,1,2,3.745,4,9.3104
926,120.2345426,18,174.1849748,1,2,3.791,2.5,3.556
927,120.2345426,18,174.1849748,1,2,3.791,2.5,12.8952
928,120.2345426,15,86.42897031,1,2,3.791,3.5,8.0352
930,121.5925165,15,141.7869738,1,2,3.792,3,10.824
931,1.808806753,24,136.4974112,1,0,3.789,5,6.2712
932,121.0368469,15,27.79988806,2,2,3.792,3,14.8332
933,45.66096281,15,68.98929739,1,8,3.792,2,2.336
934,1.978553502,18,42.72062127,3,2,3.708,1.2,1.472
935,120.4208305,18,21.00625081,2,0,3.791,4.2,16.284
938,0.494638376,54,117.0302956,2,0,3.744,8.3,23.184
939,0.494638376,60,67.78368854,2,0,3.744,6.4,3.3936
941,120.538444,15,31.91972692,1,2,3.795,1.25,23.6768
943,121.2146931,18,35.53044203,1,2,3.78,2,2.884
945,117.8580881,15,31.21340514,4,2,3.795,7.3,6.8
946,120.5630846,18,222.8474345,4,2,3.768,6,20.768
947,120.5959389,24,329.2509874,1,0,3.784,5.3,11.7924
948,121.1599361,15,17.46201166,1,2,3.783,5.5,19.352
949,121.1599361,15,40.15033224,1,8,3.783,4.4,48.144
950,121.3844399,18,439.8940761,1,2,3.751,5,30.6
951,119.9800365,15,25.526864,1,2,3.777,1.6,8.832
952,121.6664385,36,87.74464502,4,2,3.786,4.5,3.502
953,120.2892996,15,110.1287781,4,2,3.787,10.9,6.8544
954,120.3303673,15,152.9862422,2,0,3.782,4.2,18.3456
956,120.0430071,24,75.93254726,2,2,3.785,3,14.768
957,118.7725302,30,59.49039265,4,2,3.786,9.5,29.52
958,118.7725302,15,32.12997403,4,2,3.786,8.4,7.344
959,117.6226329,15,41.73543152,2,2,3.786,5,18.8
960,121.748574,18,149.2592306,3,2,3.781,4.5,8.3182
961,121.5569245,42,49.50162061,4,2,3.782,4.9,6.3632
962,120.3741729,15,51.81532285,3,3,3.781,2,27.5086
963,120.3741729,30,202.3591844,3,3,3.782,2,34.3
964,120.7519963,24,130.146277,2,2,3.776,6.5,5.1968
965,121.7622633,24,130.146277,2,2,3.776,6.5,11.648
966,121.7047684,24,207.0315894,2,2,3.777,3,6.968
967,119.8924253,15,206.8414874,2,2,3.793,2.5,6.1008
968,119.6075747,15,14.10158766,1,2,3.713,2.5,18.7856
969,119.7335159,18,42.14808101,1,2,3.79,1.75,18.3456
970,121.1490988,24,113.0821869,1,2,3.788,4,5.3792
971,118.0305727,15,18.9380876,1,2,3.798,6,7.7044
972,118.0305727,15,59.83643511,4,2,3.798,6.3,12.9256
973,121.0916039,15,139.078587,2,2,3.774,4,11.0828
974,120.3303673,15,21.9068403,4,2,3.782,2.5,1.088
975,121.217431,15,114.7353269,1,2,3.782,2.5,8.0674
976,120.6506959,18,45.61708908,1,2,3.779,3,2.884
977,119.3721196,24,63.10724993,4,0,3.78,6.9,6.2216
979,118.2578143,15,128.6253043,1,2,3.783,8,6.3104
980,120.2153776,24,57.07534082,1,2,3.784,10,13.8
981,120.2153776,18,65.00272,1,2,3.785,10,32.8512
982,121.2475473,15,41.56476223,1,2,3.785,2.5,12.824
983,121.2475473,15,22.79421126,4,2,3.782,3,12.824
984,120.3906,15,126.3965527,2,2,3.782,4,3.036
985,120.8122291,15,269.1965174,1,2,3.78,3.5,25.3328
986,121.4255076,18,208.1097792,1,2,3.785,6.5,6.1664
987,121.5432352,18,208.1097792,1,2,3.785,6.5,12.584
988,120.1743098,15,134.5717857,4,0,3.786,6,4.8832
989,120.4208305,18,68.25288437,2,2,3.83,10,26.25
990,2.452201688,18,276.4527874,1,2,3.732,8.6,31.0128
991,2.452201688,18,124.7478299,1,2,3.732,6,28.7408
994,120.1415697,30,197.9744543,2,2,3.794,3,1.472
995,120.7547342,15,20.53182032,4,2,3.752,6,0
998,119.9990874,24,14.55358462,3,2,3.751,5,1.088
999,120.6151038,15,222.6477262,1,2,3.763,3,25.278
1000,117.2995665,30,31.3424181,1,2,3.811,9,8.832
1002,120.3878622,18,37.2916131,1,8,3.795,3.55,33.8
1003,120.3878622,18,12.76596837,2,0,3.795,3.5,2.3856
1004,120.3878622,15,26.34128218,1,0,3.797,4.25,21.948
1005,120.3878622,15,245.1951276,1,0,3.795,4.4,30.444
1008,119.5801962,24,175.2184613,2,8,3.72,4,6.5408
1009,120.2318047,15,45.58130271,1,0,3.719,5.8,7.704
1010,120.7711613,18,211.8729714,1,2,3.72,8,13.688
1011,121.1133927,15,119.5390139,2,2,3.719,2.5,7.9376
1012,121.1133927,15,119.5390139,2,0,3.719,2.5,8.7984
1013,0.456422542,36,145.7469549,2,0,3.855,0,4.5408
1014,0.442733288,24,88.61467353,4,0,3.761,0,4.5408
1015,0.442733288,24,12.89094348,4,0,3.761,0,5.1688
1017,120.3851243,36,61.60684064,1,2,3.794,6,3.68
1018,118.9696555,15,103.3126545,2,2,3.718,7.2,30.104
1019,118.9696555,15,152.2510936,2,2,3.721,10.3,24.9312
1020,2.052475473,18,20.14583976,1,2,3.82,5,10.976
1021,119.933493,15,47.85989244,1,2,3.718,3,7.56
1022,3.174994296,48,57.28988886,1,3,3.793,5,4.212
1023,119.8129135,18,203.3821985,1,0,3.779,5.5,29.2968
1024,38.20590919,30,37.01463428,1,2,3.711,4.5,29.5
1025,119.8924253,15,104.7024766,1,2,3.772,0,11.648
1026,119.8539813,15,93.79942847,4,0,3.743,3,21.948
1027,119.8539813,18,71.29327754,4,0,3.743,3,2.3856
1028,119.8539813,18,138.6055413,4,0,3.743,4,27.612
1029,119.8539813,15,161.586952,1,0,3.743,3,24.78
1030,119.9225416,15,25.78274726,2,2,3.784,2.5,2.884
1031,119.8539813,15,219.4750222,1,0,3.742,3,27.612
1032,121.3488478,18,34.3393877,1,0,3.78,5.9,1.848
1033,120.0594342,15,25.2205363,1,2,3.791,1.5,1.088
1034,120.0457449,24,53.59470243,2,2,3.759,5.5,1.904
1035,120.1825234,15,103.9192146,2,2,3.72,6,4.232
1037,118.2386493,24,27.11199139,1,2,3.726,7.7,5.0048
1038,119.8950491,18,27.45256895,1,3,3.726,7.5,4.212
1039,120.0457449,36,111.3779764,2,2,3.907,6,10.088
1040,120.1607347,15,62.34711652,2,2,3.78,3,14.0768
1041,120.1607347,15,62.34711652,2,2,3.78,3,18.9104
1042,120.1333561,24,175.1090478,4,2,3.744,4.5,6.968
1043,119.6460187,24,97.97484441,2,0,3.764,4,15.5376
1044,120.5247547,24,97.97484441,2,2,3.764,4,17.264
1045,119.5693589,24,24.156157,1,0,3.848,15,21.948
1046,119.5693589,24,42.29979145,1,0,3.848,15,19.3104
1047,119.6350673,24,250.3713378,1,0,3.761,0,3.744
1048,121.3789642,15,151.1401501,4,2,3.734,3.3,13.5752
1049,120.8534109,24,79.52445884,4,2,3.734,5,14.336
1050,120.8534109,24,29.52953692,4,2,3.734,3,12.9344
1051,120.1059776,18,131.0421299,1,2,3.736,2.2,1.088
1052,121.017682,24,76.69905876,2,2,3.734,5.5,26.0144
1053,120.8534109,15,89.22568399,2,2,3.735,0.5,0
1055,121.017682,15,50.8885255,1,2,3.728,4.8,14.168
1056,120.1059776,15,31.26319461,2,2,3.73,4.4,3.2
1057,120.1059776,15,24.03850808,2,2,3.732,4.8,5.6672
1058,120.1059776,15,107.303238,2,2,3.732,4.8,4.5632
1060,120.2728725,18,169.6240668,1,2,3.757,5,6.968
1061,120.1743098,24,53.39024903,1,2,3.713,6,7.8232
1062,120.062058,15,22.53756404,1,2,3.713,6.1,12.464
1063,120.062058,18,31.07079709,1,2,3.713,13.6,42.008
1064,120.3112024,24,27.84823198,1,2,3.713,6,13.6112
1065,120.3112024,24,69.60918403,1,2,3.713,4.5,17.0344
1066,118.2057951,24,330.472548,1,2,3.713,6,21.56
1067,118.2057951,24,90.32566942,1,2,3.713,6,13.664
1068,120.3112024,36,62.05366836,1,2,3.714,7,8.7516
1069,120.3112024,36,105.873542,1,0,3.714,6,10.738
1072,121.3708647,15,106.3868977,1,2,3.714,2.3,12.5768
1073,121.3708647,15,125.2754224,1,2,3.714,2,37.6464
1075,117.400867,15,100.0669303,1,2,3.715,6.67,23.876
1080,120.9629249,24,87.26956256,1,2,3.788,8.5,20.8608
1082,121.7923796,15,61.50148748,1,2,3.803,5,11.0192
1088,120.2947753,18,91.75293816,2,2,3.689,8,12.584
1090,120.2975131,15,107.8388418,1,2,3.782,3,11.7872
1091,120.2975131,15,360.5145536,1,2,3.783,3.5,14.456
1092,0,30,38.92191625,1,2,3.801,6.5,4.232
1093,0,15,34.61828257,1,2,3.801,8,5.0864
1094,121.6171572,15,69.9745514,1,2,3.737,10,18.4992
1096,120.4042893,12,109.0328847,1,2,3.771,3,3.864
1097,120.7492585,18,46.27238521,4,2,3.727,13,20.8304
1098,120.3166781,18,254.9107763,1,2,3.745,3,3.3728
1099,121.5597764,12,52.18476348,4,2,3.741,5,12.584
1102,120.4261921,24,65.00455893,2,2,3.7,5,14.0768
1104,120.5276067,15,208.0011058,2,2,3.692,4,18.5024
1105,120.9381702,24,85.10945266,1,0,3.737,4,5.5552
1108,120.5055898,15,39.83339216,4,2,3.871,1.3,3.193
1109,120.5411818,15,121.2797104,2,0,3.756,4,14.1494
1110,120.3276295,15,67.94514173,2,2,3.742,2.4,6.968
1111,120.3276295,15,135.5858499,1,2,3.742,1.5,6.968
1112,120.8040155,24,131.2841366,1,2,3.771,5.5,10.3472
1113,120.5411818,12,25.76361059,1,3,3.776,1.5,4.228
1114,121.01483,42,95.35325237,4,2,3.737,13,9.3132
1115,120.062058,24,35.74370264,4,2,3.742,11.4,31.584
1117,120.6506959,15,194.3460834,2,2,3.753,4,6.968
1120,57.7103582,30,125.1227558,1,2,3.706,3.6,22.6064
1121,120.1140771,15,259.1214835,3,2,3.755,2,9.2016
1122,120.1140771,15,39.87569862,3,2,3.755,1.8,9.2016
1124,121.7266712,15,209.7613289,2,2,3.755,5,16.3664
1125,120.7519963,15,126.1197485,1,2,3.76,5,6.968
1127,0,30,30.08849755,1,3,3.789,6.4,7.854
1128,120.0375314,36,37.33890133,2,2,3.74,6,2.72
1129,120.2016883,15,51.28033726,1,8,3.74,0,4.752
1131,120.6151038,24,129.7386418,2,0,3.697,3,2.5872
1132,120.7767511,24,112.4164367,2,2,3.697,8.5,27.9456
1134,120.1196669,15,25.78503001,3,2,3.701,3.2,15.6704
1136,120.1195528,15,32.51595634,3,8,3.701,3.1,2.72
1137,120.8123431,24,209.6413839,3,2,3.701,6.4,20.384
1138,120.8424595,15,24.03168682,3,2,3.761,2.5,14.7392
1141,120.8041296,15,112.3735879,1,2,3.855,2,9.2256
1142,0.166210358,18,26.88009025,1,2,3.919,3.4,28.7408
1143,121.0149441,24,25.22284335,4,2,3.734,5.3,9.3104
1144,121.017682,15,277.3304426,2,2,3.746,5.5,7.6112
1145,121.017682,15,65.25951976,2,2,3.748,4.5,22.2656
1146,120.8835273,15,38.0374266,2,8,3.736,3,12.2688
1147,120.0647958,24,53.88879849,2,0,3.708,12.45,15.5376
1148,120.8807894,54,276.18656,1,2,3.759,7,13.208
1152,121.400867,15,17.23322051,3,2,3.748,3,1.472
1153,120.9464978,18,212.1710475,3,2,3.752,1.8,3.036
1155,120.9629249,15,26.91817623,2,2,3.768,8,12.8576
1156,120.9629249,36,51.50698651,2,2,3.768,8,0
1157,120.9436459,15,87.73736333,2,2,3.694,5,18.9104
1158,119.9225416,18,118.3384907,1,2,3.764,3.3,4.232
1159,121.0149441,15,123.9520319,4,2,3.717,4.5,19.1984
1160,121.0368469,15,133.8350979,2,2,3.784,11,9.9384
1161,120.8917408,18,30.09019457,1,8,3.88,3,7.2416
1162,38.6684919,30,47.92932429,4,0,3.717,3.5,12.768
1163,120.9628109,15,42.47624522,2,8,3.8,4,7.2416
1164,120.3276295,15,22.18608421,2,2,3.715,6,2.312
1165,121.1135067,18,128.8252326,4,3,3.746,3,29.7
1167,121.1407712,15,144.0016048,2,2,3.805,4.2,14.0768
1170,121.1517226,24,27.93073882,2,2,3.706,5,0
1171,121.1407712,15,33.41321073,2,2,3.796,3.5,16.3664
1172,15.09297285,24,13.46577216,1,2,3.791,4,9.0944
1173,120.979238,15,63.72447121,3,8,3.685,6,18.2784
1175,121.1407712,15,72.8967504,2,2,3.796,3.5,9.4976
1177,121.1544604,15,216.2272594,2,2,3.784,3.5,17.264
1178,120.6015286,18,37.47770698,2,2,3.701,3,14.432
1179,120.979238,15,56.24013275,3,2,3.685,7,5.6816
1180,118.7725302,30,374.7601638,1,2,3.895,11.6,8.832
1181,121.272188,15,172.5373227,2,2,3.697,3,13.7456
1182,121.272188,18,26.59811229,2,2,3.697,3,12.8576
1183,121.272188,18,117.0310265,2,2,3.697,2.5,15.704
1184,121.272188,18,84.91344868,2,2,3.697,2.5,18.9104
1189,120.2099019,36,75.60819616,4,2,3.779,6.7,11.0192
1190,120.2099019,24,90.1436772,4,0,3.779,6.33,12.4872
1191,120.3440566,15,113.9190479,4,2,3.89,7.3,28.496
1192,121.2257586,18,18.59169373,3,2,3.736,3,9.0248
1193,120.7300935,15,26.94821074,2,2,3.78,9.6,8.1696
1194,120.7300935,15,275.009729,2,2,3.78,6.7,5.4944
1195,0.078485056,48,102.7578643,1,3,3.793,5,4.212
1196,121.400867,24,30.541487,1,2,3.819,3,16.6208
1198,121.0832763,15,16.93712767,2,2,3.788,1.25,7.0104
1199,119.9909879,18,130.9370613,3,2,3.709,8.7,5.148
1200,119.9909879,18,105.3756073,3,2,3.709,12,3.312
1201,117.6226329,18,32.25195978,1,2,3.672,4.4,3.3728
1202,120.0812229,15,32.47420126,1,2,3.669,7.6,29.264
1203,120.0812229,15,117.8654352,1,2,3.669,8.7,5.5488
1204,120.0812229,18,137.7819099,1,2,3.669,8.7,7.5072
1205,120.0812229,18,17.68791637,1,2,3.669,7.9,17.36
1206,119.9061145,24,214.0908241,1,0,3.669,5,20.5368
1207,119.9061145,15,63.13215276,1,0,3.672,0,2.838
1208,119.9061145,12,25.92950865,1,0,3.671,3,14.964
1209,120.5959389,24,123.9794929,2,0,3.739,6,11.3256
1210,120.8096053,48,48.92563265,4,2,3.821,4,10.088
1211,121.6116815,30,109.3192339,2,2,3.853,5,4.5008
1212,3.007985398,30,111.042531,4,2,3.819,8,21.008
1214,120.7711613,24,125.5403722,3,2,3.808,10.5,26.8176
1216,120.0457449,15,178.5855863,4,2,3.848,9,17.6136
1217,121.8280858,15,177.8761058,4,2,3.848,6,16.4312
1218,121.1737394,15,40.48773183,1,2,3.749,2.5,19.1984
1219,121.5185946,12,44.61485843,4,8,3.829,3,31.7424
1220,121.439311,15,25.06166551,1,2,3.854,1.5,16.9936
